-- phpMyAdmin SQL Dump
-- version 4.7.9
-- https://www.phpmyadmin.net/
--
-- Hôte : 127.0.0.1:3306
-- Généré le :  ven. 01 mai 2020 à 13:21
-- Version du serveur :  5.7.21
-- Version de PHP :  7.2.4

SET SQL_MODE = "NO_AUTO_VALUE_ON_ZERO";
SET AUTOCOMMIT = 0;
START TRANSACTION;
SET time_zone = "+00:00";


/*!40101 SET @OLD_CHARACTER_SET_CLIENT=@@CHARACTER_SET_CLIENT */;
/*!40101 SET @OLD_CHARACTER_SET_RESULTS=@@CHARACTER_SET_RESULTS */;
/*!40101 SET @OLD_COLLATION_CONNECTION=@@COLLATION_CONNECTION */;
/*!40101 SET NAMES utf8mb4 */;

--
-- Base de données :  `appcan`
--

-- --------------------------------------------------------

--
-- Structure de la table `migrations`
--

DROP TABLE IF EXISTS `migrations`;
CREATE TABLE IF NOT EXISTS `migrations` (
  `id` int(10) UNSIGNED NOT NULL AUTO_INCREMENT,
  `migration` varchar(191) COLLATE utf8mb4_unicode_ci NOT NULL,
  `batch` int(11) NOT NULL,
  PRIMARY KEY (`id`)
) ENGINE=MyISAM AUTO_INCREMENT=20 DEFAULT CHARSET=utf8mb4 COLLATE=utf8mb4_unicode_ci;

--
-- Déchargement des données de la table `migrations`
--

INSERT INTO `migrations` (`id`, `migration`, `batch`) VALUES
(1, '2014_10_12_000000_create_users_table', 1),
(2, '2014_10_12_100000_create_password_resets_table', 1),
(3, '2018_12_04_092506_create_sessions_table', 1),
(4, '2018_12_04_094645_create_t_tactic_table', 1),
(5, '2018_12_04_103755_create_t_card_table', 1),
(6, '2018_12_04_110113_create_t_gender_table', 1),
(7, '2018_12_04_110739_create_t_goal_table', 1),
(8, '2018_12_04_110854_create_t_group_table', 1),
(9, '2018_12_04_111322_create_t_match_table', 1),
(10, '2018_12_04_112559_create_t_player_table', 1),
(11, '2018_12_04_123046_create_t_player_line_table', 1),
(12, '2018_12_04_123223_create_t_player_sta_table', 1),
(13, '2018_12_04_124058_create_t_player_tac_pos_table', 1),
(14, '2018_12_04_124310_create_t_rank_table', 1),
(15, '2018_12_04_124739_create_t_tactic_pos_table', 1),
(16, '2018_12_04_125312_create_t_team_table', 1),
(17, '2018_12_04_125814_create_t_team_sta_table', 1),
(18, '2018_12_04_130318_create_t_team_tac_table', 1),
(19, '2019_01_20_120526_add_extra_field_to_users_table', 1);

-- --------------------------------------------------------

--
-- Structure de la table `password_resets`
--

DROP TABLE IF EXISTS `password_resets`;
CREATE TABLE IF NOT EXISTS `password_resets` (
  `email` varchar(191) COLLATE utf8mb4_unicode_ci NOT NULL,
  `token` varchar(191) COLLATE utf8mb4_unicode_ci NOT NULL,
  `created_at` timestamp NOT NULL DEFAULT CURRENT_TIMESTAMP,
  KEY `password_resets_email_index` (`email`)
) ENGINE=MyISAM DEFAULT CHARSET=utf8mb4 COLLATE=utf8mb4_unicode_ci;

-- --------------------------------------------------------

--
-- Structure de la table `sessions`
--

DROP TABLE IF EXISTS `sessions`;
CREATE TABLE IF NOT EXISTS `sessions` (
  `id` varchar(191) COLLATE utf8mb4_unicode_ci NOT NULL,
  `user_id` int(10) UNSIGNED DEFAULT NULL,
  `ip_address` varchar(45) COLLATE utf8mb4_unicode_ci DEFAULT NULL,
  `user_agent` text COLLATE utf8mb4_unicode_ci,
  `payload` text COLLATE utf8mb4_unicode_ci NOT NULL,
  `last_activity` int(11) NOT NULL,
  UNIQUE KEY `sessions_id_unique` (`id`)
) ENGINE=MyISAM DEFAULT CHARSET=utf8mb4 COLLATE=utf8mb4_unicode_ci;

-- --------------------------------------------------------

--
-- Structure de la table `t_card`
--

DROP TABLE IF EXISTS `t_card`;
CREATE TABLE IF NOT EXISTS `t_card` (
  `CRD_ID` int(10) UNSIGNED NOT NULL AUTO_INCREMENT,
  `MATCH_ID` int(10) UNSIGNED NOT NULL,
  `PLY_ID` int(10) UNSIGNED NOT NULL,
  `T_P_PLY_ID` int(10) UNSIGNED NOT NULL,
  `created_at` timestamp NOT NULL DEFAULT CURRENT_TIMESTAMP,
  `updated_at` timestamp NOT NULL DEFAULT '0000-00-00 00:00:00',
  PRIMARY KEY (`CRD_ID`),
  KEY `t_card_match_id_foreign` (`MATCH_ID`),
  KEY `t_card_ply_id_foreign` (`PLY_ID`),
  KEY `t_card_t_p_ply_id_foreign` (`T_P_PLY_ID`)
) ENGINE=MyISAM DEFAULT CHARSET=utf8mb4 COLLATE=utf8mb4_unicode_ci;

-- --------------------------------------------------------

--
-- Structure de la table `t_credit`
--

DROP TABLE IF EXISTS `t_credit`;
CREATE TABLE IF NOT EXISTS `t_credit` (
  `CRED_ID` int(10) UNSIGNED NOT NULL AUTO_INCREMENT,
  `CRED_USER_ID` int(10) UNSIGNED NOT NULL,
  `CRED_TELCO_ID` int(10) UNSIGNED NOT NULL,
  `CRED_BALANCE` int(10) UNSIGNED NOT NULL,
  `PHONE_NBR` varchar(15) COLLATE utf8mb4_unicode_ci NOT NULL,
  `created_at` timestamp NOT NULL DEFAULT CURRENT_TIMESTAMP,
  `updated_at` timestamp NOT NULL DEFAULT '0000-00-00 00:00:00',
  PRIMARY KEY (`CRED_ID`),
  KEY `t_telco_credit_id_foreign` (`CRED_USER_ID`),
  KEY `t_credit_users_id_foreign` (`CRED_TELCO_ID`)
) ENGINE=MyISAM AUTO_INCREMENT=2 DEFAULT CHARSET=utf8mb4 COLLATE=utf8mb4_unicode_ci;

--
-- Déchargement des données de la table `t_credit`
--

INSERT INTO `t_credit` (`CRED_ID`, `CRED_USER_ID`, `CRED_TELCO_ID`, `CRED_BALANCE`, `PHONE_NBR`, `created_at`, `updated_at`) VALUES
(1, 1, 1, 0, '697662979', '2019-04-06 00:05:25', '2019-04-06 00:05:25');

-- --------------------------------------------------------

--
-- Structure de la table `t_gender`
--

DROP TABLE IF EXISTS `t_gender`;
CREATE TABLE IF NOT EXISTS `t_gender` (
  `GEN_ID` int(10) UNSIGNED NOT NULL AUTO_INCREMENT,
  `GEN_NAME` varchar(191) COLLATE utf8mb4_unicode_ci NOT NULL,
  `created_at` timestamp NOT NULL DEFAULT CURRENT_TIMESTAMP,
  `updated_at` timestamp NOT NULL DEFAULT '0000-00-00 00:00:00',
  PRIMARY KEY (`GEN_ID`)
) ENGINE=MyISAM DEFAULT CHARSET=utf8mb4 COLLATE=utf8mb4_unicode_ci;

-- --------------------------------------------------------

--
-- Structure de la table `t_goal`
--

DROP TABLE IF EXISTS `t_goal`;
CREATE TABLE IF NOT EXISTS `t_goal` (
  `GOAL_ID` int(10) UNSIGNED NOT NULL AUTO_INCREMENT,
  `MATCH_ID` int(10) UNSIGNED NOT NULL,
  `PLY_ID` int(10) UNSIGNED NOT NULL,
  `T_P_PLY_ID` int(10) UNSIGNED NOT NULL,
  `GOAL_TIME` int(2) NOT NULL,
  `created_at` timestamp NOT NULL DEFAULT CURRENT_TIMESTAMP,
  `updated_at` timestamp NOT NULL DEFAULT '0000-00-00 00:00:00',
  PRIMARY KEY (`GOAL_ID`),
  KEY `t_goal_match_id_foreign` (`MATCH_ID`),
  KEY `t_goal_ply_id_foreign` (`PLY_ID`),
  KEY `t_goal_t_p_ply_id_foreign` (`T_P_PLY_ID`)
) ENGINE=MyISAM AUTO_INCREMENT=154 DEFAULT CHARSET=utf8mb4 COLLATE=utf8mb4_unicode_ci;

--
-- Déchargement des données de la table `t_goal`
--

INSERT INTO `t_goal` (`GOAL_ID`, `MATCH_ID`, `PLY_ID`, `T_P_PLY_ID`, `GOAL_TIME`, `created_at`, `updated_at`) VALUES
(1, 1148, 56, 60, 46, '2019-04-05 23:35:07', '2019-04-05 23:35:07'),
(2, 1148, 56, 60, 46, '2019-04-05 23:35:07', '2019-04-05 23:35:07'),
(3, 1148, 368, 362, 49, '2019-04-05 23:35:07', '2019-04-05 23:35:07'),
(4, 1148, 368, 368, 49, '2019-04-05 23:35:07', '2019-04-05 23:35:07'),
(5, 1148, 368, 354, 49, '2019-04-05 23:35:07', '2019-04-05 23:35:07'),
(6, 1149, 126, 126, 81, '2019-04-05 23:35:07', '2019-04-05 23:35:07'),
(7, 1149, 126, 122, 81, '2019-04-05 23:35:07', '2019-04-05 23:35:07'),
(8, 1149, 38, 30, 46, '2019-04-05 23:35:07', '2019-04-05 23:35:07'),
(9, 1149, 38, 35, 46, '2019-04-05 23:35:07', '2019-04-05 23:35:07'),
(10, 1149, 38, 38, 46, '2019-04-05 23:35:07', '2019-04-05 23:35:07'),
(11, 1149, 38, 30, 46, '2019-04-05 23:35:07', '2019-04-05 23:35:07'),
(12, 1151, 218, 218, 47, '2019-04-05 23:35:07', '2019-04-05 23:35:07'),
(13, 1151, 218, 218, 47, '2019-04-05 23:35:07', '2019-04-05 23:35:07'),
(14, 1151, 454, 454, 69, '2019-04-05 23:35:07', '2019-04-05 23:35:07'),
(15, 1152, 104, 104, 80, '2019-04-05 23:35:07', '2019-04-05 23:35:07'),
(16, 1152, 392, 392, 55, '2019-04-05 23:35:07', '2019-04-05 23:35:07'),
(17, 1153, 172, 172, 63, '2019-04-05 23:35:07', '2019-04-05 23:35:07'),
(18, 1153, 484, 484, 63, '2019-04-05 23:35:07', '2019-04-05 23:35:07'),
(19, 1153, 484, 484, 63, '2019-04-05 23:35:07', '2019-04-05 23:35:07'),
(20, 1154, 195, 195, 57, '2019-04-05 23:35:07', '2019-04-05 23:35:07'),
(21, 1154, 438, 431, 56, '2019-04-05 23:35:07', '2019-04-05 23:35:07'),
(22, 1154, 438, 431, 56, '2019-04-05 23:35:07', '2019-04-05 23:35:07'),
(23, 1154, 438, 435, 56, '2019-04-05 23:35:07', '2019-04-05 23:35:07'),
(24, 1155, 413, 408, 54, '2019-04-05 23:35:07', '2019-04-05 23:35:07'),
(25, 1155, 413, 401, 54, '2019-04-05 23:35:07', '2019-04-05 23:35:07'),
(26, 1155, 413, 408, 54, '2019-04-05 23:35:07', '2019-04-05 23:35:07'),
(27, 1155, 413, 395, 54, '2019-04-05 23:35:07', '2019-04-05 23:35:07'),
(28, 1155, 530, 530, 54, '2019-04-05 23:35:07', '2019-04-05 23:35:07'),
(29, 1156, 540, 540, 89, '2019-04-05 23:35:07', '2019-04-05 23:35:07'),
(30, 1156, 149, 145, 71, '2019-04-05 23:35:07', '2019-04-05 23:35:07'),
(31, 1156, 149, 149, 71, '2019-04-05 23:35:07', '2019-04-05 23:35:07'),
(32, 1156, 149, 155, 71, '2019-04-05 23:35:07', '2019-04-05 23:35:07'),
(33, 1157, 12, 7, 55, '2019-04-05 23:35:07', '2019-04-05 23:35:07'),
(34, 1157, 12, 7, 55, '2019-04-05 23:35:07', '2019-04-05 23:35:07'),
(35, 1157, 12, 16, 55, '2019-04-05 23:35:07', '2019-04-05 23:35:07'),
(36, 1157, 12, 12, 55, '2019-04-05 23:35:07', '2019-04-05 23:35:07'),
(37, 1157, 267, 267, 66, '2019-04-05 23:35:07', '2019-04-05 23:35:07'),
(38, 1157, 267, 267, 66, '2019-04-05 23:35:07', '2019-04-05 23:35:07'),
(39, 1158, 285, 285, 35, '2019-04-05 23:35:07', '2019-04-05 23:35:07'),
(40, 1158, 285, 285, 35, '2019-04-05 23:35:07', '2019-04-05 23:35:07'),
(41, 1158, 82, 77, 24, '2019-04-05 23:35:07', '2019-04-05 23:35:07'),
(42, 1158, 82, 82, 24, '2019-04-05 23:35:07', '2019-04-05 23:35:07'),
(43, 1158, 82, 77, 24, '2019-04-05 23:35:07', '2019-04-05 23:35:07'),
(44, 1159, 310, 310, 57, '2019-04-05 23:35:07', '2019-04-05 23:35:07'),
(45, 1161, 507, 507, 62, '2019-04-06 00:30:48', '2019-04-06 00:30:48'),
(46, 1161, 368, 368, 48, '2019-04-06 00:30:48', '2019-04-06 00:30:48'),
(47, 1161, 368, 349, 48, '2019-04-06 00:30:48', '2019-04-06 00:30:48'),
(48, 1161, 368, 349, 48, '2019-04-06 00:30:48', '2019-04-06 00:30:48'),
(49, 1161, 368, 362, 48, '2019-04-06 00:30:48', '2019-04-06 00:30:48'),
(50, 1161, 38, 29, 46, '2019-04-06 00:30:48', '2019-04-06 00:30:48'),
(51, 1161, 38, 30, 46, '2019-04-06 00:30:48', '2019-04-06 00:30:48'),
(52, 1161, 38, 29, 46, '2019-04-06 00:30:48', '2019-04-06 00:30:48'),
(53, 1161, 38, 29, 46, '2019-04-06 00:30:48', '2019-04-06 00:30:48'),
(54, 1161, 218, 224, 64, '2019-04-06 00:30:48', '2019-04-06 00:30:48'),
(55, 1161, 218, 218, 64, '2019-04-06 00:30:48', '2019-04-06 00:30:48'),
(56, 1163, 454, 454, 86, '2019-04-06 00:30:48', '2019-04-06 00:30:48'),
(57, 1163, 332, 332, 67, '2019-04-06 00:30:48', '2019-04-06 00:30:48'),
(58, 1164, 104, 104, 54, '2019-04-06 00:30:48', '2019-04-06 00:30:48'),
(59, 1164, 104, 104, 54, '2019-04-06 00:30:48', '2019-04-06 00:30:48'),
(60, 1164, 172, 172, 66, '2019-04-06 00:30:48', '2019-04-06 00:30:48'),
(61, 1164, 172, 169, 66, '2019-04-06 00:30:48', '2019-04-06 00:30:48'),
(62, 1165, 484, 484, 54, '2019-04-06 00:30:48', '2019-04-06 00:30:48'),
(63, 1165, 392, 380, 54, '2019-04-06 00:30:48', '2019-04-06 00:30:48'),
(64, 1165, 392, 380, 54, '2019-04-06 00:30:48', '2019-04-06 00:30:48'),
(65, 1165, 392, 392, 54, '2019-04-06 00:30:48', '2019-04-06 00:30:48'),
(66, 1166, 195, 195, 68, '2019-04-06 00:30:48', '2019-04-06 00:30:48'),
(67, 1166, 413, 408, 84, '2019-04-06 00:30:48', '2019-04-06 00:30:48'),
(68, 1166, 413, 413, 84, '2019-04-06 00:30:48', '2019-04-06 00:30:48'),
(69, 1167, 530, 530, 85, '2019-04-06 00:30:48', '2019-04-06 00:30:48'),
(70, 1167, 438, 431, 71, '2019-04-06 00:30:48', '2019-04-06 00:30:48'),
(71, 1167, 438, 431, 71, '2019-04-06 00:30:48', '2019-04-06 00:30:48'),
(72, 1168, 540, 552, 60, '2019-04-06 00:30:48', '2019-04-06 00:30:48'),
(73, 1168, 540, 552, 60, '2019-04-06 00:30:48', '2019-04-06 00:30:48'),
(74, 1168, 12, 14, 45, '2019-04-06 00:30:48', '2019-04-06 00:30:48'),
(75, 1168, 12, 7, 45, '2019-04-06 00:30:48', '2019-04-06 00:30:48'),
(76, 1168, 12, 14, 45, '2019-04-06 00:30:48', '2019-04-06 00:30:48'),
(77, 1168, 12, 7, 45, '2019-04-06 00:30:48', '2019-04-06 00:30:48'),
(78, 1168, 12, 12, 45, '2019-04-06 00:30:48', '2019-04-06 00:30:48'),
(79, 1168, 12, 14, 45, '2019-04-06 00:30:48', '2019-04-06 00:30:48'),
(80, 1169, 267, 267, 78, '2019-04-06 00:30:48', '2019-04-06 00:30:48'),
(81, 1171, 310, 310, 89, '2019-04-06 00:30:48', '2019-04-06 00:30:48'),
(82, 1172, 56, 65, 46, '2019-04-06 00:33:06', '2019-04-06 00:33:06'),
(83, 1172, 56, 60, 46, '2019-04-06 00:33:06', '2019-04-06 00:33:06'),
(84, 1172, 56, 65, 46, '2019-04-06 00:33:06', '2019-04-06 00:33:06'),
(85, 1172, 507, 507, 47, '2019-04-06 00:33:06', '2019-04-06 00:33:06'),
(86, 1173, 368, 368, 83, '2019-04-06 00:33:06', '2019-04-06 00:33:06'),
(87, 1173, 126, 126, 45, '2019-04-06 00:33:06', '2019-04-06 00:33:06'),
(88, 1173, 126, 122, 45, '2019-04-06 00:33:06', '2019-04-06 00:33:06'),
(89, 1173, 126, 122, 45, '2019-04-06 00:33:06', '2019-04-06 00:33:06'),
(90, 1174, 38, 38, 60, '2019-04-06 00:33:06', '2019-04-06 00:33:06'),
(91, 1174, 38, 30, 60, '2019-04-06 00:33:06', '2019-04-06 00:33:06'),
(92, 1174, 38, 30, 60, '2019-04-06 00:33:06', '2019-04-06 00:33:06'),
(93, 1175, 218, 218, 52, '2019-04-06 00:33:06', '2019-04-06 00:33:06'),
(94, 1175, 218, 224, 52, '2019-04-06 00:33:06', '2019-04-06 00:33:06'),
(95, 1176, 104, 104, 46, '2019-04-06 00:33:06', '2019-04-06 00:33:06'),
(96, 1176, 104, 100, 46, '2019-04-06 00:33:06', '2019-04-06 00:33:06'),
(97, 1176, 104, 100, 46, '2019-04-06 00:33:06', '2019-04-06 00:33:06'),
(98, 1176, 484, 484, 77, '2019-04-06 00:33:06', '2019-04-06 00:33:06'),
(99, 1177, 392, 392, 49, '2019-04-06 00:33:06', '2019-04-06 00:33:06'),
(100, 1177, 172, 169, 65, '2019-04-06 00:33:06', '2019-04-06 00:33:06'),
(101, 1177, 172, 175, 65, '2019-04-06 00:33:06', '2019-04-06 00:33:06'),
(102, 1177, 172, 175, 65, '2019-04-06 00:33:06', '2019-04-06 00:33:06'),
(103, 1178, 195, 192, 61, '2019-04-06 00:33:06', '2019-04-06 00:33:06'),
(104, 1178, 195, 195, 61, '2019-04-06 00:33:06', '2019-04-06 00:33:06'),
(105, 1178, 530, 530, 63, '2019-04-06 00:33:06', '2019-04-06 00:33:06'),
(106, 1179, 438, 438, 78, '2019-04-06 00:33:06', '2019-04-06 00:33:06'),
(107, 1179, 413, 413, 58, '2019-04-06 00:33:06', '2019-04-06 00:33:06'),
(108, 1180, 540, 540, 61, '2019-04-06 00:33:06', '2019-04-06 00:33:06'),
(109, 1180, 540, 540, 61, '2019-04-06 00:33:06', '2019-04-06 00:33:06'),
(110, 1180, 267, 267, 86, '2019-04-06 00:33:06', '2019-04-06 00:33:06'),
(111, 1181, 149, 155, 48, '2019-04-06 00:33:06', '2019-04-06 00:33:06'),
(112, 1181, 149, 149, 48, '2019-04-06 00:33:06', '2019-04-06 00:33:06'),
(113, 1181, 149, 149, 48, '2019-04-06 00:33:06', '2019-04-06 00:33:06'),
(114, 1181, 12, 12, 48, '2019-04-06 00:33:06', '2019-04-06 00:33:06'),
(115, 1181, 12, 14, 48, '2019-04-06 00:33:06', '2019-04-06 00:33:06'),
(116, 1181, 12, 12, 48, '2019-04-06 00:33:06', '2019-04-06 00:33:06'),
(117, 1181, 12, 12, 48, '2019-04-06 00:33:06', '2019-04-06 00:33:06'),
(118, 1182, 287, 287, 5, '2019-04-06 00:33:06', '2019-04-06 00:33:06'),
(119, 1183, 241, 241, 46, '2019-04-06 00:33:06', '2019-04-06 00:33:06'),
(120, 1183, 82, 91, 46, '2019-04-06 00:33:06', '2019-04-06 00:33:06'),
(121, 1183, 82, 74, 46, '2019-04-06 00:33:06', '2019-04-06 00:33:06'),
(122, 1183, 82, 77, 46, '2019-04-06 00:33:06', '2019-04-06 00:33:06'),
(123, 1183, 82, 74, 46, '2019-04-06 00:33:06', '2019-04-06 00:33:06'),
(124, 1184, 126, 122, 64, '2019-04-06 00:33:56', '2019-04-06 00:33:56'),
(125, 1184, 126, 122, 64, '2019-04-06 00:33:56', '2019-04-06 00:33:56'),
(126, 1184, 267, 267, 66, '2019-04-06 00:33:56', '2019-04-06 00:33:56'),
(127, 1185, 38, 38, 80, '2019-04-06 00:33:56', '2019-04-06 00:33:56'),
(128, 1186, 12, 14, 47, '2019-04-06 00:33:56', '2019-04-06 00:33:56'),
(129, 1186, 12, 16, 47, '2019-04-06 00:33:56', '2019-04-06 00:33:56'),
(130, 1186, 12, 14, 47, '2019-04-06 00:33:56', '2019-04-06 00:33:56'),
(131, 1186, 12, 14, 47, '2019-04-06 00:33:56', '2019-04-06 00:33:56'),
(132, 1186, 12, 16, 47, '2019-04-06 00:33:56', '2019-04-06 00:33:56'),
(133, 1187, 82, 88, 57, '2019-04-06 00:33:56', '2019-04-06 00:33:56'),
(134, 1187, 82, 88, 57, '2019-04-06 00:33:56', '2019-04-06 00:33:56'),
(135, 1187, 82, 77, 57, '2019-04-06 00:33:56', '2019-04-06 00:33:56'),
(136, 1187, 149, 149, 56, '2019-04-06 00:33:56', '2019-04-06 00:33:56'),
(137, 1187, 149, 149, 56, '2019-04-06 00:33:56', '2019-04-06 00:33:56'),
(138, 1188, 104, 104, 57, '2019-04-06 00:33:56', '2019-04-06 00:33:56'),
(139, 1188, 104, 100, 57, '2019-04-06 00:33:56', '2019-04-06 00:33:56'),
(140, 1188, 104, 104, 57, '2019-04-06 00:33:56', '2019-04-06 00:33:56'),
(141, 1188, 241, 241, 47, '2019-04-06 00:33:56', '2019-04-06 00:33:56'),
(142, 1188, 241, 241, 47, '2019-04-06 00:33:56', '2019-04-06 00:33:56'),
(143, 1189, 368, 368, 56, '2019-04-06 00:33:56', '2019-04-06 00:33:56'),
(144, 1189, 438, 431, 53, '2019-04-06 00:33:56', '2019-04-06 00:33:56'),
(145, 1189, 438, 425, 53, '2019-04-06 00:33:56', '2019-04-06 00:33:56'),
(146, 1189, 438, 419, 53, '2019-04-06 00:33:56', '2019-04-06 00:33:56'),
(147, 1189, 438, 419, 53, '2019-04-06 00:33:56', '2019-04-06 00:33:56'),
(148, 1190, 218, 218, 83, '2019-04-06 00:33:56', '2019-04-06 00:33:56'),
(149, 1190, 392, 379, 57, '2019-04-06 00:33:56', '2019-04-06 00:33:56'),
(150, 1190, 392, 379, 57, '2019-04-06 00:33:56', '2019-04-06 00:33:56'),
(151, 1190, 392, 392, 57, '2019-04-06 00:33:56', '2019-04-06 00:33:56'),
(152, 1191, 287, 287, 35, '2019-04-06 00:33:56', '2019-04-06 00:33:56'),
(153, 1191, 413, 413, 37, '2019-04-06 00:33:56', '2019-04-06 00:33:56');

-- --------------------------------------------------------

--
-- Structure de la table `t_group`
--

DROP TABLE IF EXISTS `t_group`;
CREATE TABLE IF NOT EXISTS `t_group` (
  `GRP_ID` int(10) UNSIGNED NOT NULL AUTO_INCREMENT,
  `GRP_NAME` varchar(191) COLLATE utf8mb4_unicode_ci NOT NULL,
  `GRP_STADIUM1` varchar(191) COLLATE utf8mb4_unicode_ci DEFAULT NULL,
  `GRP_STADIUM2` varchar(191) COLLATE utf8mb4_unicode_ci DEFAULT NULL,
  `GRP_STADIUM3` varchar(191) COLLATE utf8mb4_unicode_ci DEFAULT NULL,
  `GRP_STADIUM4` varchar(191) COLLATE utf8mb4_unicode_ci DEFAULT NULL,
  `created_at` timestamp NOT NULL DEFAULT CURRENT_TIMESTAMP,
  `updated_at` timestamp NOT NULL DEFAULT '0000-00-00 00:00:00',
  PRIMARY KEY (`GRP_ID`)
) ENGINE=MyISAM AUTO_INCREMENT=7 DEFAULT CHARSET=utf8mb4 COLLATE=utf8mb4_unicode_ci;

--
-- Déchargement des données de la table `t_group`
--

INSERT INTO `t_group` (`GRP_ID`, `GRP_NAME`, `GRP_STADIUM1`, `GRP_STADIUM2`, `GRP_STADIUM3`, `GRP_STADIUM4`, `created_at`, `updated_at`) VALUES
(1, 'GROUP A', 'DOUALA STADIUM', 'YAOUNDE STADIUM', NULL, NULL, '2019-04-02 14:11:30', '0000-00-00 00:00:00'),
(2, 'GROUP B', 'BAMENDA STADIUM', 'BUEA STADIUM', NULL, NULL, '2019-04-02 14:11:30', '0000-00-00 00:00:00'),
(3, 'GROUP C', 'EBOLOWA STADIUM', 'BERTOUA STADIUM', NULL, NULL, '2019-04-02 14:11:30', '0000-00-00 00:00:00'),
(4, 'GROUP D', 'BAFOUSSAM STADIUM', 'NGAOUNDERE STADIUM', NULL, NULL, '2019-04-02 14:11:30', '0000-00-00 00:00:00'),
(5, 'GROUP E', 'GAROUA STADIUM', 'MAROUA STADIUM', NULL, NULL, '2019-04-02 14:11:30', '0000-00-00 00:00:00'),
(6, 'GROUP F', 'DOUALA STADIUM', 'YAOUNDE STADIUM', NULL, NULL, '2019-04-02 14:11:30', '0000-00-00 00:00:00');

-- --------------------------------------------------------

--
-- Structure de la table `t_match`
--

DROP TABLE IF EXISTS `t_match`;
CREATE TABLE IF NOT EXISTS `t_match` (
  `MATCH_ID` int(10) UNSIGNED NOT NULL AUTO_INCREMENT,
  `MATCH_T1_TAC` int(10) UNSIGNED NOT NULL,
  `MATCH_T2_TAC` int(10) UNSIGNED NOT NULL,
  `MATCH_T1` int(10) UNSIGNED NOT NULL,
  `MATCH_T2` int(10) UNSIGNED NOT NULL,
  `MATCH_GRP` int(10) UNSIGNED NOT NULL,
  `MATCH_CAN_PHASE` int(10) UNSIGNED NOT NULL DEFAULT '0' COMMENT 'Differents phases of ANC',
  `MATCH_GRP_PHASE` int(10) UNSIGNED NOT NULL DEFAULT '1' COMMENT 'Group phase',
  `MATCH_CODE` varchar(191) COLLATE utf8mb4_unicode_ci DEFAULT NULL,
  `MATCH_T1_VAL` int(11) DEFAULT NULL,
  `MATCH_T1_BON` int(11) DEFAULT NULL,
  `MATCH_T1_APT` int(11) DEFAULT NULL,
  `MATCH_T1_SCO` int(11) DEFAULT NULL,
  `MATCH_T1_ATT_BON` int(11) DEFAULT NULL,
  `MATCH_T1_MID_BON` int(11) DEFAULT NULL,
  `MATCH_T1_DEF_BON` int(11) DEFAULT NULL,
  `MATCH_T2_VAL` int(11) DEFAULT NULL,
  `MATCH_T2_BON` int(11) DEFAULT NULL,
  `MATCH_T2_APT` int(11) DEFAULT NULL,
  `MATCH_T2_SCO` int(11) DEFAULT NULL,
  `MATCH_T2_ATT_BON` int(11) DEFAULT NULL,
  `MATCH_T2_MID_BON` int(11) DEFAULT NULL,
  `MATCH_T2_DEF_BON` int(11) DEFAULT NULL,
  `MATCH_SCORE` varchar(191) COLLATE utf8mb4_unicode_ci DEFAULT NULL,
  `MATCH_WINNER` int(11) DEFAULT NULL,
  `id` int(11) DEFAULT NULL,
  `created_at` timestamp NOT NULL DEFAULT CURRENT_TIMESTAMP,
  `updated_at` timestamp NOT NULL DEFAULT '0000-00-00 00:00:00',
  PRIMARY KEY (`MATCH_ID`),
  KEY `t_match_match_t1_tac_foreign` (`MATCH_T1_TAC`),
  KEY `t_match_match_t2_tac_foreign` (`MATCH_T2_TAC`),
  KEY `t_match_match_t1_foreign` (`MATCH_T1`),
  KEY `t_match_match_t2_foreign` (`MATCH_T2`),
  KEY `t_match_match_grp_foreign` (`MATCH_GRP`)
) ENGINE=MyISAM AUTO_INCREMENT=1192 DEFAULT CHARSET=utf8mb4 COLLATE=utf8mb4_unicode_ci;

--
-- Déchargement des données de la table `t_match`
--

INSERT INTO `t_match` (`MATCH_ID`, `MATCH_T1_TAC`, `MATCH_T2_TAC`, `MATCH_T1`, `MATCH_T2`, `MATCH_GRP`, `MATCH_CAN_PHASE`, `MATCH_GRP_PHASE`, `MATCH_CODE`, `MATCH_T1_VAL`, `MATCH_T1_BON`, `MATCH_T1_APT`, `MATCH_T1_SCO`, `MATCH_T1_ATT_BON`, `MATCH_T1_MID_BON`, `MATCH_T1_DEF_BON`, `MATCH_T2_VAL`, `MATCH_T2_BON`, `MATCH_T2_APT`, `MATCH_T2_SCO`, `MATCH_T2_ATT_BON`, `MATCH_T2_MID_BON`, `MATCH_T2_DEF_BON`, `MATCH_SCORE`, `MATCH_WINNER`, `id`, `created_at`, `updated_at`) VALUES
(790, 1, 1, 7, 18, 6, 0, 1, NULL, NULL, NULL, NULL, NULL, NULL, NULL, NULL, NULL, NULL, NULL, NULL, NULL, NULL, NULL, 'BISSAU GUINEA 1 - 0 SOUTH AFRICA', NULL, 9, '2019-04-05 23:55:33', '0000-00-00 00:00:00'),
(789, 1, 1, 15, 21, 6, 0, 1, NULL, NULL, NULL, NULL, NULL, NULL, NULL, NULL, NULL, NULL, NULL, NULL, NULL, NULL, NULL, 'ZIMBABWE 0 - 1 LIBERIA', NULL, 9, '2019-04-05 23:55:33', '0000-00-00 00:00:00'),
(788, 1, 1, 2, 16, 6, 0, 1, NULL, NULL, NULL, NULL, NULL, NULL, NULL, NULL, NULL, NULL, NULL, NULL, NULL, NULL, NULL, 'CAMEROON 3 - 0 BURKINA FASO', NULL, 9, '2019-04-05 23:55:33', '0000-00-00 00:00:00'),
(1157, 0, 0, 2, 13, 6, 0, 1, 'DAY ONE', NULL, NULL, NULL, NULL, NULL, NULL, NULL, NULL, NULL, NULL, NULL, NULL, NULL, NULL, 'CAMEROON 4 - 2 TUNISIA', NULL, 1, '2019-04-06 00:35:07', '0000-00-00 00:00:00'),
(1156, 0, 0, 1, 8, 6, 0, 1, 'DAY ONE', NULL, NULL, NULL, NULL, NULL, NULL, NULL, NULL, NULL, NULL, NULL, NULL, NULL, NULL, 'BURUNDI 1 - 3 NIGERIA', NULL, 1, '2019-04-06 00:35:07', '0000-00-00 00:00:00'),
(1155, 0, 0, 19, 24, 5, 0, 1, 'DAY ONE', NULL, NULL, NULL, NULL, NULL, NULL, NULL, NULL, NULL, NULL, NULL, NULL, NULL, NULL, 'NAMIBIA 4 - 1 BENIN', NULL, 1, '2019-04-06 00:35:07', '0000-00-00 00:00:00'),
(1154, 0, 0, 10, 20, 5, 0, 1, 'DAY ONE', NULL, NULL, NULL, NULL, NULL, NULL, NULL, NULL, NULL, NULL, NULL, NULL, NULL, NULL, 'TANZANIA 1 - 3 KENYA', NULL, 1, '2019-04-06 00:35:07', '0000-00-00 00:00:00'),
(1153, 0, 0, 9, 22, 4, 0, 1, 'DAY ONE', NULL, NULL, NULL, NULL, NULL, NULL, NULL, NULL, NULL, NULL, NULL, NULL, NULL, NULL, 'MOROCCO 1 - 2 ANGOLA', NULL, 1, '2019-04-06 00:35:07', '0000-00-00 00:00:00'),
(1152, 0, 0, 6, 18, 4, 0, 1, 'DAY ONE', NULL, NULL, NULL, NULL, NULL, NULL, NULL, NULL, NULL, NULL, NULL, NULL, NULL, NULL, 'MADAGASCAR 1 - 1 SOUTH AFRICA', NULL, 1, '2019-04-06 00:35:07', '0000-00-00 00:00:00'),
(1151, 0, 0, 11, 21, 3, 0, 1, 'DAY ONE', NULL, NULL, NULL, NULL, NULL, NULL, NULL, NULL, NULL, NULL, NULL, NULL, NULL, NULL, 'IVORY COAST 2 - 1 MAURITANIA', NULL, 1, '2019-04-06 00:35:07', '0000-00-00 00:00:00'),
(1150, 0, 0, 3, 16, 3, 0, 1, 'DAY ONE', NULL, NULL, NULL, NULL, NULL, NULL, NULL, NULL, NULL, NULL, NULL, NULL, NULL, NULL, 'GHANA 4 - 0 UGANDA', NULL, 1, '2019-04-06 00:35:07', '0000-00-00 00:00:00'),
(791, 1, 1, 12, 24, 6, 0, 1, NULL, NULL, NULL, NULL, NULL, NULL, NULL, NULL, NULL, NULL, NULL, NULL, NULL, NULL, NULL, 'MALI 1 - 1 BENIN', NULL, 9, '2019-04-05 23:55:33', '0000-00-00 00:00:00'),
(792, 1, 1, 1, 20, 6, 0, 1, NULL, NULL, NULL, NULL, NULL, NULL, NULL, NULL, NULL, NULL, NULL, NULL, NULL, NULL, NULL, 'CONGO 2 - 0 EQUATORIAL GUINEA', NULL, 9, '2019-04-05 23:55:33', '0000-00-00 00:00:00'),
(793, 1, 1, 10, 22, 6, 0, 1, NULL, NULL, NULL, NULL, NULL, NULL, NULL, NULL, NULL, NULL, NULL, NULL, NULL, NULL, NULL, 'TOGO 1 - 2 ANGOLA', NULL, 9, '2019-04-05 23:55:33', '0000-00-00 00:00:00'),
(794, 1, 1, 8, 11, 6, 0, 1, NULL, NULL, NULL, NULL, NULL, NULL, NULL, NULL, NULL, NULL, NULL, NULL, NULL, NULL, NULL, 'NIGERIA 3 - 1 IVORY COAST', NULL, 9, '2019-04-05 23:55:33', '0000-00-00 00:00:00'),
(795, 1, 1, 9, 23, 6, 0, 1, NULL, NULL, NULL, NULL, NULL, NULL, NULL, NULL, NULL, NULL, NULL, NULL, NULL, NULL, NULL, 'MOROCCO 1 - 2 CAP VERT', NULL, 9, '2019-04-05 23:55:33', '0000-00-00 00:00:00'),
(796, 1, 1, 4, 13, 6, 0, 1, NULL, NULL, NULL, NULL, NULL, NULL, NULL, NULL, NULL, NULL, NULL, NULL, NULL, NULL, NULL, 'EGYPT 3 - 1 TUNISIA', NULL, 9, '2019-04-05 23:55:33', '0000-00-00 00:00:00'),
(797, 1, 1, 6, 19, 6, 0, 1, NULL, NULL, NULL, NULL, NULL, NULL, NULL, NULL, NULL, NULL, NULL, NULL, NULL, NULL, NULL, 'GABON 3 - 1 LIBYA', NULL, 9, '2019-04-05 23:55:33', '0000-00-00 00:00:00'),
(798, 1, 1, 5, 3, 6, 0, 1, NULL, NULL, NULL, NULL, NULL, NULL, NULL, NULL, NULL, NULL, NULL, NULL, NULL, NULL, NULL, 'SENEGAL 2 - 5 GHANA', NULL, 9, '2019-04-05 23:55:33', '0000-00-00 00:00:00'),
(799, 1, 1, 17, 14, 6, 0, 1, NULL, NULL, NULL, NULL, NULL, NULL, NULL, NULL, NULL, NULL, NULL, NULL, NULL, NULL, NULL, 'RD CONGO 1 - 2 ALGERIA', NULL, 9, '2019-04-05 23:55:33', '0000-00-00 00:00:00'),
(800, 1, 1, 2, 15, 6, 0, 1, NULL, NULL, NULL, NULL, NULL, NULL, NULL, NULL, NULL, NULL, NULL, NULL, NULL, NULL, NULL, 'CAMEROON 3 - 2 ZIMBABWE', NULL, 9, '2019-04-05 23:55:33', '0000-00-00 00:00:00'),
(801, 1, 1, 21, 16, 6, 0, 1, NULL, NULL, NULL, NULL, NULL, NULL, NULL, NULL, NULL, NULL, NULL, NULL, NULL, NULL, NULL, 'LIBERIA 2 - 1 BURKINA FASO', NULL, 9, '2019-04-05 23:55:33', '0000-00-00 00:00:00'),
(802, 1, 1, 7, 12, 6, 0, 1, NULL, NULL, NULL, NULL, NULL, NULL, NULL, NULL, NULL, NULL, NULL, NULL, NULL, NULL, NULL, 'BISSAU GUINEA 3 - 1 MALI', NULL, 9, '2019-04-05 23:55:33', '0000-00-00 00:00:00'),
(803, 1, 1, 24, 18, 6, 0, 1, NULL, NULL, NULL, NULL, NULL, NULL, NULL, NULL, NULL, NULL, NULL, NULL, NULL, NULL, NULL, 'BENIN 0 - 0 SOUTH AFRICA', NULL, 9, '2019-04-05 23:55:33', '0000-00-00 00:00:00'),
(804, 1, 1, 1, 10, 6, 0, 1, NULL, NULL, NULL, NULL, NULL, NULL, NULL, NULL, NULL, NULL, NULL, NULL, NULL, NULL, NULL, 'CONGO 2 - 2 TOGO', NULL, 9, '2019-04-05 23:55:33', '0000-00-00 00:00:00'),
(805, 1, 1, 22, 20, 6, 0, 1, NULL, NULL, NULL, NULL, NULL, NULL, NULL, NULL, NULL, NULL, NULL, NULL, NULL, NULL, NULL, 'ANGOLA 1 - 0 EQUATORIAL GUINEA', NULL, 9, '2019-04-05 23:55:33', '0000-00-00 00:00:00'),
(806, 1, 1, 8, 9, 6, 0, 1, NULL, NULL, NULL, NULL, NULL, NULL, NULL, NULL, NULL, NULL, NULL, NULL, NULL, NULL, NULL, 'NIGERIA 5 - 1 MOROCCO', NULL, 9, '2019-04-05 23:55:33', '0000-00-00 00:00:00'),
(807, 1, 1, 23, 11, 6, 0, 1, NULL, NULL, NULL, NULL, NULL, NULL, NULL, NULL, NULL, NULL, NULL, NULL, NULL, NULL, NULL, 'CAP VERT 1 - 1 IVORY COAST', NULL, 9, '2019-04-05 23:55:33', '0000-00-00 00:00:00'),
(808, 1, 1, 4, 6, 6, 0, 1, NULL, NULL, NULL, NULL, NULL, NULL, NULL, NULL, NULL, NULL, NULL, NULL, NULL, NULL, NULL, 'EGYPT 2 - 2 GABON', NULL, 9, '2019-04-05 23:55:33', '0000-00-00 00:00:00'),
(809, 1, 1, 19, 13, 6, 0, 1, NULL, NULL, NULL, NULL, NULL, NULL, NULL, NULL, NULL, NULL, NULL, NULL, NULL, NULL, NULL, 'LIBYA 1 - 0 TUNISIA', NULL, 9, '2019-04-05 23:55:33', '0000-00-00 00:00:00'),
(810, 1, 1, 5, 14, 6, 0, 1, NULL, NULL, NULL, NULL, NULL, NULL, NULL, NULL, NULL, NULL, NULL, NULL, NULL, NULL, NULL, 'SENEGAL 3 - 1 ALGERIA', NULL, 9, '2019-04-05 23:55:33', '0000-00-00 00:00:00'),
(811, 1, 1, 17, 3, 6, 0, 1, NULL, NULL, NULL, NULL, NULL, NULL, NULL, NULL, NULL, NULL, NULL, NULL, NULL, NULL, NULL, 'RD CONGO 2 - 4 GHANA', NULL, 9, '2019-04-05 23:55:33', '0000-00-00 00:00:00'),
(812, 1, 1, 2, 21, 6, 0, 1, NULL, NULL, NULL, NULL, NULL, NULL, NULL, NULL, NULL, NULL, NULL, NULL, NULL, NULL, NULL, 'CAMEROON 6 - 0 LIBERIA', NULL, 9, '2019-04-05 23:55:33', '0000-00-00 00:00:00'),
(813, 1, 1, 16, 15, 6, 0, 1, NULL, NULL, NULL, NULL, NULL, NULL, NULL, NULL, NULL, NULL, NULL, NULL, NULL, NULL, NULL, 'BURKINA FASO 0 - 2 ZIMBABWE', NULL, 9, '2019-04-05 23:55:33', '0000-00-00 00:00:00'),
(814, 1, 1, 7, 24, 6, 0, 1, NULL, NULL, NULL, NULL, NULL, NULL, NULL, NULL, NULL, NULL, NULL, NULL, NULL, NULL, NULL, 'BISSAU GUINEA 3 - 2 BENIN', NULL, 9, '2019-04-05 23:55:33', '0000-00-00 00:00:00'),
(815, 1, 1, 18, 12, 6, 0, 1, NULL, NULL, NULL, NULL, NULL, NULL, NULL, NULL, NULL, NULL, NULL, NULL, NULL, NULL, NULL, 'SOUTH AFRICA 0 - 2 MALI', NULL, 9, '2019-04-05 23:55:33', '0000-00-00 00:00:00'),
(816, 1, 1, 1, 22, 6, 0, 1, NULL, NULL, NULL, NULL, NULL, NULL, NULL, NULL, NULL, NULL, NULL, NULL, NULL, NULL, NULL, 'CONGO 2 - 2 ANGOLA', NULL, 9, '2019-04-05 23:55:33', '0000-00-00 00:00:00'),
(817, 1, 1, 20, 10, 6, 0, 1, NULL, NULL, NULL, NULL, NULL, NULL, NULL, NULL, NULL, NULL, NULL, NULL, NULL, NULL, NULL, 'EQUATORIAL GUINEA 2 - 0 TOGO', NULL, 9, '2019-04-05 23:55:33', '0000-00-00 00:00:00'),
(818, 1, 1, 8, 23, 6, 0, 1, NULL, NULL, NULL, NULL, NULL, NULL, NULL, NULL, NULL, NULL, NULL, NULL, NULL, NULL, NULL, 'NIGERIA 3 - 1 CAP VERT', NULL, 9, '2019-04-05 23:55:33', '0000-00-00 00:00:00'),
(819, 1, 1, 11, 9, 6, 0, 1, NULL, NULL, NULL, NULL, NULL, NULL, NULL, NULL, NULL, NULL, NULL, NULL, NULL, NULL, NULL, 'IVORY COAST 2 - 2 MOROCCO', NULL, 9, '2019-04-05 23:55:33', '0000-00-00 00:00:00'),
(820, 1, 1, 4, 19, 6, 0, 1, NULL, NULL, NULL, NULL, NULL, NULL, NULL, NULL, NULL, NULL, NULL, NULL, NULL, NULL, NULL, 'EGYPT 2 - 2 LIBYA', NULL, 9, '2019-04-05 23:55:33', '0000-00-00 00:00:00'),
(821, 1, 1, 13, 6, 6, 0, 1, NULL, NULL, NULL, NULL, NULL, NULL, NULL, NULL, NULL, NULL, NULL, NULL, NULL, NULL, NULL, 'TUNISIA 0 - 3 GABON', NULL, 9, '2019-04-05 23:55:33', '0000-00-00 00:00:00'),
(822, 1, 1, 5, 17, 6, 0, 1, NULL, NULL, NULL, NULL, NULL, NULL, NULL, NULL, NULL, NULL, NULL, NULL, NULL, NULL, NULL, 'SENEGAL 4 - 3 RD CONGO', NULL, 9, '2019-04-05 23:55:33', '0000-00-00 00:00:00'),
(823, 1, 1, 14, 3, 6, 0, 1, NULL, NULL, NULL, NULL, NULL, NULL, NULL, NULL, NULL, NULL, NULL, NULL, NULL, NULL, NULL, 'ALGERIA 2 - 4 GHANA', NULL, 9, '2019-04-05 23:55:33', '0000-00-00 00:00:00'),
(1149, 0, 0, 7, 23, 1, 0, 1, 'DAY ONE', NULL, NULL, NULL, NULL, NULL, NULL, NULL, NULL, NULL, NULL, NULL, NULL, NULL, NULL, 'BISSAU GUINEA 2 - 0 GUINEA', NULL, 1, '2019-04-06 00:35:07', '0000-00-00 00:00:00'),
(1148, 0, 0, 4, 17, 1, 0, 1, 'DAY ONE', NULL, NULL, NULL, NULL, NULL, NULL, NULL, NULL, NULL, NULL, NULL, NULL, NULL, NULL, 'EGYPT 2 - 3 DR CONGO', NULL, 1, '2019-04-06 00:35:07', '0000-00-00 00:00:00'),
(1158, 0, 0, 14, 5, 2, 0, 1, 'DAY ONE', NULL, NULL, NULL, NULL, NULL, NULL, NULL, NULL, NULL, NULL, NULL, NULL, NULL, NULL, 'ALGERIA 2 - 3 SENEGAL', NULL, 1, '2019-04-06 00:35:07', '0000-00-00 00:00:00'),
(1159, 0, 0, 15, 12, 2, 0, 1, 'DAY ONE', NULL, NULL, NULL, NULL, NULL, NULL, NULL, NULL, NULL, NULL, NULL, NULL, NULL, NULL, 'ZIMBABWE 1 - 0 MALI', NULL, 1, '2019-04-06 00:35:07', '0000-00-00 00:00:00'),
(1160, 0, 0, 4, 7, 1, 0, 2, 'DAY TWO', NULL, NULL, NULL, NULL, NULL, NULL, NULL, NULL, NULL, NULL, NULL, NULL, NULL, NULL, 'EGYPT 0 - 0 BISSAU GUINEA', NULL, 1, '2019-04-06 01:30:48', '0000-00-00 00:00:00'),
(1161, 0, 0, 23, 17, 1, 0, 2, 'DAY TWO', NULL, NULL, NULL, NULL, NULL, NULL, NULL, NULL, NULL, NULL, NULL, NULL, NULL, NULL, 'GUINEA 1 - 4 DR CONGO', NULL, 1, '2019-04-06 01:30:48', '0000-00-00 00:00:00'),
(1162, 0, 0, 3, 11, 3, 0, 2, 'DAY TWO', NULL, NULL, NULL, NULL, NULL, NULL, NULL, NULL, NULL, NULL, NULL, NULL, NULL, NULL, 'GHANA 4 - 2 IVORY COAST', NULL, 1, '2019-04-06 01:30:48', '0000-00-00 00:00:00'),
(1163, 0, 0, 21, 16, 3, 0, 2, 'DAY TWO', NULL, NULL, NULL, NULL, NULL, NULL, NULL, NULL, NULL, NULL, NULL, NULL, NULL, NULL, 'MAURITANIA 1 - 1 UGANDA', NULL, 1, '2019-04-06 01:30:48', '0000-00-00 00:00:00'),
(1164, 0, 0, 6, 9, 4, 0, 2, 'DAY TWO', NULL, NULL, NULL, NULL, NULL, NULL, NULL, NULL, NULL, NULL, NULL, NULL, NULL, NULL, 'MADAGASCAR 2 - 2 MOROCCO', NULL, 1, '2019-04-06 01:30:48', '0000-00-00 00:00:00'),
(1165, 0, 0, 22, 18, 4, 0, 2, 'DAY TWO', NULL, NULL, NULL, NULL, NULL, NULL, NULL, NULL, NULL, NULL, NULL, NULL, NULL, NULL, 'ANGOLA 1 - 3 SOUTH AFRICA', NULL, 1, '2019-04-06 01:30:48', '0000-00-00 00:00:00'),
(1166, 0, 0, 10, 19, 5, 0, 2, 'DAY TWO', NULL, NULL, NULL, NULL, NULL, NULL, NULL, NULL, NULL, NULL, NULL, NULL, NULL, NULL, 'TANZANIA 1 - 2 NAMIBIA', NULL, 1, '2019-04-06 01:30:48', '0000-00-00 00:00:00'),
(1167, 0, 0, 24, 20, 5, 0, 2, 'DAY TWO', NULL, NULL, NULL, NULL, NULL, NULL, NULL, NULL, NULL, NULL, NULL, NULL, NULL, NULL, 'BENIN 1 - 2 KENYA', NULL, 1, '2019-04-06 01:30:48', '0000-00-00 00:00:00'),
(1168, 0, 0, 1, 2, 6, 0, 2, 'DAY TWO', NULL, NULL, NULL, NULL, NULL, NULL, NULL, NULL, NULL, NULL, NULL, NULL, NULL, NULL, 'BURUNDI 2 - 6 CAMEROON', NULL, 1, '2019-04-06 01:30:48', '0000-00-00 00:00:00'),
(1169, 0, 0, 13, 8, 6, 0, 2, 'DAY TWO', NULL, NULL, NULL, NULL, NULL, NULL, NULL, NULL, NULL, NULL, NULL, NULL, NULL, NULL, 'TUNISIA 1 - 0 NIGERIA', NULL, 1, '2019-04-06 01:30:48', '0000-00-00 00:00:00'),
(1170, 0, 0, 14, 12, 2, 0, 2, 'DAY TWO', NULL, NULL, NULL, NULL, NULL, NULL, NULL, NULL, NULL, NULL, NULL, NULL, NULL, NULL, 'ALGERIA 0 - 0 MALI', NULL, 1, '2019-04-06 01:30:48', '0000-00-00 00:00:00'),
(1171, 0, 0, 15, 5, 2, 0, 2, 'DAY TWO', NULL, NULL, NULL, NULL, NULL, NULL, NULL, NULL, NULL, NULL, NULL, NULL, NULL, NULL, 'ZIMBABWE 1 - 0 SENEGAL', NULL, 1, '2019-04-06 01:30:48', '0000-00-00 00:00:00'),
(1172, 0, 0, 4, 23, 1, 0, 3, 'DAY THREE', NULL, NULL, NULL, NULL, NULL, NULL, NULL, NULL, NULL, NULL, NULL, NULL, NULL, NULL, 'EGYPT 3 - 1 GUINEA', NULL, 1, '2019-04-06 01:33:06', '0000-00-00 00:00:00'),
(1173, 0, 0, 17, 7, 1, 0, 3, 'DAY THREE', NULL, NULL, NULL, NULL, NULL, NULL, NULL, NULL, NULL, NULL, NULL, NULL, NULL, NULL, 'DR CONGO 1 - 3 BISSAU GUINEA', NULL, 1, '2019-04-06 01:33:06', '0000-00-00 00:00:00'),
(1174, 0, 0, 3, 21, 3, 0, 3, 'DAY THREE', NULL, NULL, NULL, NULL, NULL, NULL, NULL, NULL, NULL, NULL, NULL, NULL, NULL, NULL, 'GHANA 3 - 0 MAURITANIA', NULL, 1, '2019-04-06 01:33:06', '0000-00-00 00:00:00'),
(1175, 0, 0, 16, 11, 3, 0, 3, 'DAY THREE', NULL, NULL, NULL, NULL, NULL, NULL, NULL, NULL, NULL, NULL, NULL, NULL, NULL, NULL, 'UGANDA 0 - 2 IVORY COAST', NULL, 1, '2019-04-06 01:33:06', '0000-00-00 00:00:00'),
(1176, 0, 0, 6, 22, 4, 0, 3, 'DAY THREE', NULL, NULL, NULL, NULL, NULL, NULL, NULL, NULL, NULL, NULL, NULL, NULL, NULL, NULL, 'MADAGASCAR 3 - 1 ANGOLA', NULL, 1, '2019-04-06 01:33:06', '0000-00-00 00:00:00'),
(1177, 0, 0, 18, 9, 4, 0, 3, 'DAY THREE', NULL, NULL, NULL, NULL, NULL, NULL, NULL, NULL, NULL, NULL, NULL, NULL, NULL, NULL, 'SOUTH AFRICA 1 - 3 MOROCCO', NULL, 1, '2019-04-06 01:33:06', '0000-00-00 00:00:00'),
(1178, 0, 0, 10, 24, 5, 0, 3, 'DAY THREE', NULL, NULL, NULL, NULL, NULL, NULL, NULL, NULL, NULL, NULL, NULL, NULL, NULL, NULL, 'TANZANIA 2 - 1 BENIN', NULL, 1, '2019-04-06 01:33:06', '0000-00-00 00:00:00'),
(1179, 0, 0, 20, 19, 5, 0, 3, 'DAY THREE', NULL, NULL, NULL, NULL, NULL, NULL, NULL, NULL, NULL, NULL, NULL, NULL, NULL, NULL, 'KENYA 1 - 1 NAMIBIA', NULL, 1, '2019-04-06 01:33:06', '0000-00-00 00:00:00'),
(1180, 0, 0, 1, 13, 6, 0, 3, 'DAY THREE', NULL, NULL, NULL, NULL, NULL, NULL, NULL, NULL, NULL, NULL, NULL, NULL, NULL, NULL, 'BURUNDI 2 - 1 TUNISIA', NULL, 1, '2019-04-06 01:33:06', '0000-00-00 00:00:00'),
(1181, 0, 0, 8, 2, 6, 0, 3, 'DAY THREE', NULL, NULL, NULL, NULL, NULL, NULL, NULL, NULL, NULL, NULL, NULL, NULL, NULL, NULL, 'NIGERIA 3 - 4 CAMEROON', NULL, 1, '2019-04-06 01:33:06', '0000-00-00 00:00:00'),
(1182, 0, 0, 14, 15, 2, 0, 3, 'DAY THREE', NULL, NULL, NULL, NULL, NULL, NULL, NULL, NULL, NULL, NULL, NULL, NULL, NULL, NULL, 'ALGERIA 1 - 0 ZIMBABWE', NULL, 1, '2019-04-06 01:33:06', '0000-00-00 00:00:00'),
(1183, 0, 0, 12, 5, 2, 0, 3, 'DAY THREE', NULL, NULL, NULL, NULL, NULL, NULL, NULL, NULL, NULL, NULL, NULL, NULL, NULL, NULL, 'MALI 1 - 4 SENEGAL', NULL, 1, '2019-04-06 01:33:06', '0000-00-00 00:00:00'),
(1184, 0, 0, 7, 13, 0, 1, 4, 'UNKNOWN', NULL, NULL, NULL, NULL, NULL, NULL, NULL, NULL, NULL, NULL, NULL, NULL, NULL, NULL, 'BISSAU GUINEA 2 - 1 TUNISIA', NULL, 1, '2019-04-06 01:33:56', '0000-00-00 00:00:00'),
(1185, 0, 0, 3, 9, 0, 1, 4, 'UNKNOWN', NULL, NULL, NULL, NULL, NULL, NULL, NULL, NULL, NULL, NULL, NULL, NULL, NULL, NULL, 'GHANA 1 - 0 MOROCCO', NULL, 1, '2019-04-06 01:33:56', '0000-00-00 00:00:00'),
(1186, 0, 0, 2, 4, 0, 1, 4, 'UNKNOWN', NULL, NULL, NULL, NULL, NULL, NULL, NULL, NULL, NULL, NULL, NULL, NULL, NULL, NULL, 'CAMEROON 5 - 0 EGYPT', NULL, 1, '2019-04-06 01:33:56', '0000-00-00 00:00:00'),
(1187, 0, 0, 5, 8, 0, 1, 4, 'UNKNOWN', NULL, NULL, NULL, NULL, NULL, NULL, NULL, NULL, NULL, NULL, NULL, NULL, NULL, NULL, 'SENEGAL 3 - 2 NIGERIA', NULL, 1, '2019-04-06 01:33:56', '0000-00-00 00:00:00'),
(1188, 0, 0, 6, 12, 0, 1, 4, 'UNKNOWN', NULL, NULL, NULL, NULL, NULL, NULL, NULL, NULL, NULL, NULL, NULL, NULL, NULL, NULL, 'MADAGASCAR 3 - 2 MALI', NULL, 1, '2019-04-06 01:33:56', '0000-00-00 00:00:00'),
(1189, 0, 0, 17, 20, 0, 1, 4, 'UNKNOWN', NULL, NULL, NULL, NULL, NULL, NULL, NULL, NULL, NULL, NULL, NULL, NULL, NULL, NULL, 'DR CONGO 1 - 4 KENYA', NULL, 1, '2019-04-06 01:33:56', '0000-00-00 00:00:00'),
(1190, 0, 0, 11, 18, 0, 1, 4, 'UNKNOWN', NULL, NULL, NULL, NULL, NULL, NULL, NULL, NULL, NULL, NULL, NULL, NULL, NULL, NULL, 'IVORY COAST 1 - 3 SOUTH AFRICA', NULL, 1, '2019-04-06 01:33:56', '0000-00-00 00:00:00'),
(1191, 0, 0, 14, 19, 2, 1, 4, 'UNKNOWN', NULL, NULL, NULL, NULL, NULL, NULL, NULL, NULL, NULL, NULL, NULL, NULL, NULL, NULL, 'ALGERIA 1 - 2 NAMIBIA', NULL, 1, '2019-04-06 01:33:56', '0000-00-00 00:00:00');

-- --------------------------------------------------------

--
-- Structure de la table `t_payment`
--

DROP TABLE IF EXISTS `t_payment`;
CREATE TABLE IF NOT EXISTS `t_payment` (
  `PAY_ID` int(11) NOT NULL AUTO_INCREMENT,
  `PAY_USR_ID` int(11) NOT NULL,
  `PAY_TELCO_ID` int(11) NOT NULL,
  `PAY_PHONE` varchar(45) NOT NULL,
  `PAY_AMOUNT` varchar(45) NOT NULL,
  `PAY_DATE` timestamp NOT NULL DEFAULT CURRENT_TIMESTAMP,
  PRIMARY KEY (`PAY_ID`),
  KEY `t_payment_users_id_foreign` (`PAY_USR_ID`),
  KEY `t_payment_telco_id_foreign` (`PAY_TELCO_ID`)
) ENGINE=MyISAM DEFAULT CHARSET=utf8;

-- --------------------------------------------------------

--
-- Structure de la table `t_player`
--

DROP TABLE IF EXISTS `t_player`;
CREATE TABLE IF NOT EXISTS `t_player` (
  `PLY_ID` int(10) UNSIGNED NOT NULL AUTO_INCREMENT,
  `TEAM_ID` int(10) UNSIGNED NOT NULL,
  `LINE_ID` int(10) UNSIGNED NOT NULL,
  `PLY_NAME` varchar(191) COLLATE utf8mb4_unicode_ci NOT NULL,
  `PLY_NBR` varchar(191) COLLATE utf8mb4_unicode_ci NOT NULL,
  `PLY_GKP_VAL` int(11) NOT NULL,
  `PLY_DEF_VAL` int(11) NOT NULL,
  `PLY_MID_VAL` int(11) NOT NULL,
  `PLY_ATT_VAL` int(11) NOT NULL,
  `PLY_VAL` int(11) NOT NULL,
  `created_at` timestamp NOT NULL DEFAULT CURRENT_TIMESTAMP,
  `updated_at` timestamp NOT NULL DEFAULT '0000-00-00 00:00:00',
  PRIMARY KEY (`PLY_ID`),
  KEY `t_player_team_id_foreign` (`TEAM_ID`),
  KEY `t_player_line_id_foreign` (`LINE_ID`)
) ENGINE=MyISAM AUTO_INCREMENT=553 DEFAULT CHARSET=utf8mb4 COLLATE=utf8mb4_unicode_ci;

--
-- Déchargement des données de la table `t_player`
--

INSERT INTO `t_player` (`PLY_ID`, `TEAM_ID`, `LINE_ID`, `PLY_NAME`, `PLY_NBR`, `PLY_GKP_VAL`, `PLY_DEF_VAL`, `PLY_MID_VAL`, `PLY_ATT_VAL`, `PLY_VAL`, `created_at`, `updated_at`) VALUES
(465, 22, 2, 'RegCon', '5', 0, 14, 11, 10, 11, '2019-04-05 23:55:33', '0000-00-00 00:00:00'),
(464, 22, 2, 'BasBas', '14', 0, 20, 11, 10, 11, '2019-04-05 23:55:33', '0000-00-00 00:00:00'),
(463, 22, 2, 'MarAir', '6', 0, 10, 11, 10, 10, '2019-04-05 23:55:33', '0000-00-00 00:00:00'),
(462, 22, 1, 'AdiCip', '1', 10, 0, 0, 0, 9, '2019-04-05 23:55:33', '0000-00-00 00:00:00'),
(461, 21, 3, 'MohTag', '13', 0, 11, 10, 14, 11, '2019-04-05 23:55:33', '0000-00-00 00:00:00'),
(460, 21, 1, 'MohBou', '16', 9, 0, 0, 0, 9, '2019-04-05 23:55:33', '0000-00-00 00:00:00'),
(459, 21, 3, 'AbdSil', '20', 0, 11, 10, 9, 8, '2019-04-05 23:55:33', '0000-00-00 00:00:00'),
(458, 21, 3, 'SamAbd', '12', 0, 10, 3, 9, 7, '2019-04-05 23:55:33', '0000-00-00 00:00:00'),
(457, 21, 4, 'BouBag', '14', 0, 11, 5, 10, 8, '2019-04-05 23:55:33', '0000-00-00 00:00:00'),
(456, 21, 4, 'IsmDia', '2', 0, 16, 12, 10, 10, '2019-04-05 23:55:33', '0000-00-00 00:00:00'),
(455, 21, 4, 'MouKha', '15', 0, 10, 4, 11, 9, '2019-04-05 23:55:33', '0000-00-00 00:00:00'),
(454, 21, 4, 'HemTan', '20', 0, 11, 10, 11, 11, '2019-04-05 23:55:33', '0000-00-00 00:00:00'),
(453, 21, 1, 'NamDia', '23', 10, 0, 0, 0, 10, '2019-04-05 23:55:33', '0000-00-00 00:00:00'),
(452, 21, 2, 'MouDia', '22', 0, 11, 5, 10, 11, '2019-04-05 23:55:33', '0000-00-00 00:00:00'),
(451, 21, 2, 'HacHou', '2', 0, 16, 12, 7, 9, '2019-04-05 23:55:33', '0000-00-00 00:00:00'),
(450, 21, 2, 'HacLem', '7', 0, 10, 4, 8, 10, '2019-04-05 23:55:33', '0000-00-00 00:00:00'),
(449, 21, 4, 'KarTra', '11', 0, 11, 3, 9, 11, '2019-04-05 23:55:33', '0000-00-00 00:00:00'),
(448, 21, 4, 'ElyVou', '9', 0, 12, 3, 8, 10, '2019-04-05 23:55:33', '0000-00-00 00:00:00'),
(447, 21, 3, 'AdaMba', '7', 0, 11, 2, 10, 9, '2019-04-05 23:55:33', '0000-00-00 00:00:00'),
(446, 21, 3, 'MouBag', '6', 0, 10, 10, 8, 12, '2019-04-05 23:55:33', '0000-00-00 00:00:00'),
(445, 21, 3, 'KahCam', '10', 0, 11, 10, 10, 10, '2019-04-05 23:55:33', '0000-00-00 00:00:00'),
(444, 21, 3, 'MohDel', '2', 0, 11, 11, 9, 11, '2019-04-05 23:55:33', '0000-00-00 00:00:00'),
(443, 21, 2, 'OumMan', '4', 0, 18, 11, 11, 10, '2019-04-05 23:55:33', '0000-00-00 00:00:00'),
(442, 21, 2, 'DemTra', '5', 0, 14, 12, 11, 11, '2019-04-05 23:55:33', '0000-00-00 00:00:00'),
(441, 21, 2, 'MohWad', '14', 0, 10, 11, 11, 11, '2019-04-05 23:55:33', '0000-00-00 00:00:00'),
(440, 21, 2, 'ZeiYou', '6', 0, 10, 10, 11, 10, '2019-04-05 23:55:33', '0000-00-00 00:00:00'),
(439, 21, 1, 'BraSou', '1', 10, 0, 0, 0, 9, '2019-04-05 23:55:33', '0000-00-00 00:00:00'),
(438, 20, 4, 'AllWet', '13', 0, 10, 10, 14, 11, '2019-04-05 23:55:33', '0000-00-00 00:00:00'),
(437, 20, 1, 'WilOch', '16', 9, 0, 0, 0, 9, '2019-04-05 23:55:33', '0000-00-00 00:00:00'),
(436, 20, 4, 'JohBar', '20', 0, 9, 10, 9, 10, '2019-04-05 23:55:33', '0000-00-00 00:00:00'),
(435, 20, 4, 'MikOko', '12', 0, 10, 3, 9, 11, '2019-04-05 23:55:33', '0000-00-00 00:00:00'),
(434, 20, 4, 'DenOli', '14', 0, 11, 5, 10, 9, '2019-04-05 23:55:33', '0000-00-00 00:00:00'),
(433, 20, 4, 'MikOlu', '2', 0, 16, 10, 10, 9, '2019-04-05 23:55:33', '0000-00-00 00:00:00'),
(432, 20, 3, 'TomJum', '15', 0, 10, 4, 11, 8, '2019-04-05 23:55:33', '0000-00-00 00:00:00'),
(431, 20, 3, 'RobMam', '20', 0, 11, 10, 11, 10, '2019-04-05 23:55:33', '0000-00-00 00:00:00'),
(430, 20, 1, 'DunOch', '3', 10, 0, 0, 0, 10, '2019-04-05 23:55:33', '0000-00-00 00:00:00'),
(429, 20, 2, 'MosGik', '22', 0, 11, 5, 10, 11, '2019-04-05 23:55:33', '0000-00-00 00:00:00'),
(428, 20, 2, 'IssKas', '2', 0, 16, 10, 7, 9, '2019-04-05 23:55:33', '0000-00-00 00:00:00'),
(427, 20, 2, 'EdwMuk', '7', 0, 10, 4, 8, 10, '2019-04-05 23:55:33', '0000-00-00 00:00:00'),
(426, 20, 4, 'JamOmo', '11', 0, 10, 3, 9, 11, '2019-04-05 23:55:33', '0000-00-00 00:00:00'),
(425, 20, 4, 'MauSun', '9', 0, 10, 3, 8, 10, '2019-04-05 23:55:33', '0000-00-00 00:00:00'),
(424, 20, 3, 'JohMui', '7', 0, 10, 2, 10, 9, '2019-04-05 23:55:33', '0000-00-00 00:00:00'),
(423, 20, 3, 'TitMul', '6', 0, 11, 11, 8, 10, '2019-04-05 23:55:33', '0000-00-00 00:00:00'),
(422, 20, 3, 'EmmMut', '10', 0, 12, 11, 10, 10, '2019-04-05 23:55:33', '0000-00-00 00:00:00'),
(421, 20, 2, 'GeoWaw', '2', 0, 11, 11, 9, 11, '2019-04-05 23:55:33', '0000-00-00 00:00:00'),
(420, 20, 2, 'PhiOpi', '4', 0, 18, 11, 11, 10, '2019-04-05 23:55:33', '0000-00-00 00:00:00'),
(419, 20, 2, 'MusOti', '5', 0, 11, 11, 11, 11, '2019-04-05 23:55:33', '0000-00-00 00:00:00'),
(418, 20, 2, 'AndOyo', '14', 0, 20, 10, 10, 11, '2019-04-05 23:55:33', '0000-00-00 00:00:00'),
(417, 20, 2, 'AdaSha', '6', 0, 10, 10, 10, 10, '2019-04-05 23:55:33', '0000-00-00 00:00:00'),
(416, 20, 1, 'FraOny', '1', 10, 0, 0, 0, 11, '2019-04-05 23:55:33', '0000-00-00 00:00:00'),
(415, 19, 4, 'LevSwa', '13', 0, 11, 10, 14, 10, '2019-04-05 23:55:33', '0000-00-00 00:00:00'),
(414, 19, 1, 'AthMba', '16', 9, 0, 0, 0, 9, '2019-04-05 23:55:33', '0000-00-00 00:00:00'),
(413, 19, 4, 'JacPin', '20', 0, 10, 10, 9, 12, '2019-04-05 23:55:33', '0000-00-00 00:00:00'),
(412, 19, 3, 'SydPla', '12', 0, 10, 3, 9, 9, '2019-04-05 23:55:33', '0000-00-00 00:00:00'),
(411, 19, 3, 'JamNga', '14', 0, 11, 5, 10, 8, '2019-04-05 23:55:33', '0000-00-00 00:00:00'),
(410, 19, 3, 'WycKam', '2', 0, 16, 11, 10, 11, '2019-04-05 23:55:33', '0000-00-00 00:00:00'),
(409, 19, 3, 'QuiJac', '15', 0, 11, 4, 11, 11, '2019-04-05 23:55:33', '0000-00-00 00:00:00'),
(408, 19, 3, 'RicGar', '20', 0, 10, 10, 11, 11, '2019-04-05 23:55:33', '0000-00-00 00:00:00'),
(407, 19, 1, 'AthShi', '3', 10, 0, 0, 0, 10, '2019-04-05 23:55:33', '0000-00-00 00:00:00'),
(406, 19, 3, 'BriBre', '22', 0, 10, 5, 10, 11, '2019-04-05 23:55:33', '0000-00-00 00:00:00'),
(405, 19, 2, 'HarTor', '2', 0, 16, 10, 7, 9, '2019-04-05 23:55:33', '0000-00-00 00:00:00'),
(404, 19, 2, 'MicPie', '7', 0, 10, 4, 8, 10, '2019-04-05 23:55:33', '0000-00-00 00:00:00'),
(403, 19, 4, 'LazKai', '11', 0, 12, 3, 9, 11, '2019-04-05 23:55:33', '0000-00-00 00:00:00'),
(402, 19, 4, 'MunKat', '9', 0, 12, 3, 8, 10, '2019-04-05 23:55:33', '0000-00-00 00:00:00'),
(401, 19, 4, 'JacPin', '7', 0, 12, 2, 10, 9, '2019-04-05 23:55:33', '0000-00-00 00:00:00'),
(400, 19, 4, 'GotNak', '6', 0, 12, 12, 8, 10, '2019-04-05 23:55:33', '0000-00-00 00:00:00'),
(399, 19, 3, 'OliRis', '10', 0, 12, 11, 10, 10, '2019-04-05 23:55:33', '0000-00-00 00:00:00'),
(398, 19, 3, 'AbrSha', '2', 0, 12, 13, 9, 11, '2019-04-05 23:55:33', '0000-00-00 00:00:00'),
(397, 19, 2, 'MalNga', '4', 0, 10, 11, 11, 10, '2019-04-05 23:55:33', '0000-00-00 00:00:00'),
(396, 19, 2, 'ColBen', '5', 0, 14, 10, 10, 11, '2019-04-05 23:55:33', '0000-00-00 00:00:00'),
(395, 19, 2, 'JerBai', '14', 0, 10, 11, 10, 11, '2019-04-05 23:55:33', '0000-00-00 00:00:00'),
(394, 19, 2, 'FraApr', '6', 0, 10, 10, 11, 10, '2019-04-05 23:55:33', '0000-00-00 00:00:00'),
(393, 19, 1, 'AphTji', '1', 10, 0, 0, 0, 9, '2019-04-05 23:55:33', '0000-00-00 00:00:00'),
(392, 18, 4, 'TokRan', '13', 0, 11, 10, 14, 11, '2019-04-05 23:55:33', '0000-00-00 00:00:00'),
(391, 18, 1, 'NhlKhu', '16', 9, 0, 0, 0, 11, '2019-04-05 23:55:33', '0000-00-00 00:00:00'),
(390, 18, 3, 'BonZun', '20', 0, 11, 10, 9, 10, '2019-04-05 23:55:33', '0000-00-00 00:00:00'),
(389, 18, 3, 'KebNee', '12', 0, 10, 3, 9, 10, '2019-04-05 23:55:33', '0000-00-00 00:00:00'),
(388, 18, 3, 'SibVil', '14', 0, 11, 5, 10, 11, '2019-04-05 23:55:33', '0000-00-00 00:00:00'),
(387, 18, 3, 'ThaSan', '2', 0, 16, 12, 10, 10, '2019-04-05 23:55:33', '0000-00-00 00:00:00'),
(386, 18, 3, 'ThuPha', '15', 0, 12, 4, 11, 11, '2019-04-05 23:55:33', '0000-00-00 00:00:00'),
(385, 18, 3, 'RenLet', '20', 0, 12, 10, 11, 10, '2019-04-05 23:55:33', '0000-00-00 00:00:00'),
(384, 18, 1, 'JacMab', '3', 10, 0, 0, 0, 10, '2019-04-05 23:55:33', '0000-00-00 00:00:00'),
(383, 18, 2, 'AyaGca', '22', 0, 10, 5, 11, 11, '2019-04-05 23:55:33', '0000-00-00 00:00:00'),
(382, 18, 2, 'ThuHla', '2', 0, 16, 11, 7, 9, '2019-04-05 23:55:33', '0000-00-00 00:00:00'),
(381, 18, 2, 'Anengc', '7', 0, 10, 4, 8, 10, '2019-04-05 23:55:33', '0000-00-00 00:00:00'),
(380, 18, 4, 'BenPar', '11', 0, 11, 3, 9, 11, '2019-04-05 23:55:33', '0000-00-00 00:00:00'),
(379, 18, 4, 'BonNdu', '9', 0, 11, 4, 8, 10, '2019-04-05 23:55:33', '0000-00-00 00:00:00'),
(378, 18, 3, 'ManMas', '7', 0, 11, 2, 10, 12, '2019-04-05 23:55:33', '0000-00-00 00:00:00'),
(377, 18, 3, 'OupMan', '6', 0, 11, 12, 8, 10, '2019-04-05 23:55:33', '0000-00-00 00:00:00'),
(376, 18, 3, 'DeaFur', '10', 0, 11, 11, 10, 10, '2019-04-05 23:55:33', '0000-00-00 00:00:00'),
(375, 18, 3, 'AndJal', '2', 0, 10, 10, 9, 11, '2019-04-05 23:55:33', '0000-00-00 00:00:00'),
(374, 18, 2, 'SiyNhl', '4', 0, 18, 10, 12, 10, '2019-04-05 23:55:33', '0000-00-00 00:00:00'),
(373, 18, 2, 'ThaMat', '5', 0, 14, 10, 12, 11, '2019-04-05 23:55:33', '0000-00-00 00:00:00'),
(372, 18, 2, 'EriMat', '14', 0, 10, 10, 11, 11, '2019-04-05 23:55:33', '0000-00-00 00:00:00'),
(371, 18, 2, 'RivCoe', '6', 0, 10, 10, 10, 10, '2019-04-05 23:55:33', '0000-00-00 00:00:00'),
(370, 18, 1, 'DarKee', '1', 10, 0, 0, 0, 10, '2019-04-05 23:55:33', '0000-00-00 00:00:00'),
(369, 17, 1, 'JonHer', '1', 11, 0, 0, 0, 11, '2019-04-05 23:55:33', '0000-00-00 00:00:00'),
(368, 17, 4, 'BotJor', '13', 0, 11, 10, 14, 11, '2019-04-05 23:55:33', '0000-00-00 00:00:00'),
(367, 17, 1, 'KudNic', '16', 9, 0, 0, 0, 9, '2019-04-05 23:55:33', '0000-00-00 00:00:00'),
(366, 17, 3, 'AlaTra', '20', 0, 11, 10, 9, 9, '2019-04-05 23:55:33', '0000-00-00 00:00:00'),
(365, 17, 3, 'KebNee', '12', 0, 10, 3, 9, 10, '2019-04-05 23:55:33', '0000-00-00 00:00:00'),
(364, 17, 3, 'MagJac', '14', 0, 11, 5, 10, 11, '2019-04-05 23:55:33', '0000-00-00 00:00:00'),
(363, 17, 3, 'YouMul', '2', 0, 16, 10, 10, 10, '2019-04-05 23:55:33', '0000-00-00 00:00:00'),
(362, 17, 3, 'JerBok', '15', 0, 10, 4, 11, 11, '2019-04-05 23:55:33', '0000-00-00 00:00:00'),
(361, 17, 4, 'MubFir', '20', 0, 10, 10, 11, 10, '2019-04-05 23:55:33', '0000-00-00 00:00:00'),
(360, 17, 1, 'MatVum', '3', 10, 0, 0, 0, 10, '2019-04-05 23:55:33', '0000-00-00 00:00:00'),
(359, 17, 2, 'FabNsa', '22', 0, 11, 5, 10, 11, '2019-04-05 23:55:33', '0000-00-00 00:00:00'),
(358, 17, 2, 'ZakGab', '2', 0, 16, 10, 7, 9, '2019-04-05 23:55:33', '0000-00-00 00:00:00'),
(357, 17, 2, 'TisMar', '7', 0, 10, 4, 8, 10, '2019-04-05 23:55:33', '0000-00-00 00:00:00'),
(356, 17, 4, 'BakCed', '11', 0, 11, 3, 9, 11, '2019-04-05 23:55:33', '0000-00-00 00:00:00'),
(355, 17, 4, 'MboBez', '9', 0, 12, 3, 8, 10, '2019-04-05 23:55:33', '0000-00-00 00:00:00'),
(354, 17, 4, 'MbeCha', '7', 0, 12, 2, 10, 10, '2019-04-05 23:55:33', '0000-00-00 00:00:00'),
(353, 17, 3, 'HerKag', '6', 0, 25, 11, 8, 10, '2019-04-05 23:55:33', '0000-00-00 00:00:00'),
(352, 17, 3, 'MpoPau', '10', 0, 11, 11, 10, 10, '2019-04-05 23:55:33', '0000-00-00 00:00:00'),
(351, 17, 3, 'MulRem', '2', 0, 10, 11, 9, 11, '2019-04-05 23:55:33', '0000-00-00 00:00:00'),
(350, 17, 2, 'IkoJor', '4', 0, 18, 11, 12, 10, '2019-04-05 23:55:33', '0000-00-00 00:00:00'),
(349, 17, 2, 'LomMut', '5', 0, 14, 11, 13, 11, '2019-04-05 23:55:33', '0000-00-00 00:00:00'),
(348, 17, 2, 'BopBok', '14', 0, 10, 10, 11, 11, '2019-04-05 23:55:33', '0000-00-00 00:00:00'),
(347, 17, 2, 'IssMpe', '6', 0, 10, 10, 10, 10, '2019-04-05 23:55:33', '0000-00-00 00:00:00'),
(346, 17, 1, 'KiaJoe', '1', 10, 0, 0, 0, 10, '2019-04-05 23:55:33', '0000-00-00 00:00:00'),
(345, 16, 4, 'GeoSse', '13', 0, 11, 9, 8, 11, '2019-04-05 23:55:33', '0000-00-00 00:00:00'),
(344, 16, 1, 'RobOdo', '16', 9, 0, 0, 0, 9, '2019-04-05 23:55:33', '0000-00-00 00:00:00'),
(343, 16, 3, 'GeoKiz', '20', 0, 10, 10, 9, 12, '2019-04-05 23:55:33', '0000-00-00 00:00:00'),
(342, 16, 3, 'ShaBat', '23', 0, 10, 32, 8, 9, '2019-04-05 23:55:33', '0000-00-00 00:00:00'),
(341, 16, 3, 'MicAzi', '14', 0, 10, 10, 10, 10, '2019-04-05 23:55:33', '0000-00-00 00:00:00'),
(340, 16, 3, 'KahAuc', '2', 0, 11, 11, 10, 11, '2019-04-05 23:55:33', '0000-00-00 00:00:00'),
(339, 16, 2, 'GodWal', '15', 0, 14, 4, 11, 9, '2019-04-05 23:55:33', '0000-00-00 00:00:00'),
(338, 16, 4, 'MuhSha', '17', 0, 11, 10, 11, 9, '2019-04-05 23:55:33', '0000-00-00 00:00:00'),
(337, 16, 1, 'DenOny', '3', 0, 0, 7, 11, 9, '2019-04-05 23:55:33', '0000-00-00 00:00:00'),
(336, 16, 2, 'NicWak', '22', 0, 10, 5, 12, 10, '2019-04-05 23:55:33', '0000-00-00 00:00:00'),
(335, 16, 2, 'JosOsh', '2', 0, 11, 11, 8, 9, '2019-04-05 23:55:33', '0000-00-00 00:00:00'),
(334, 16, 2, 'MurJuu', '7', 0, 14, 11, 11, 9, '2019-04-05 23:55:33', '0000-00-00 00:00:00'),
(333, 16, 4, 'YunSen', '10', 0, 8, 3, 9, 9, '2019-04-05 23:55:33', '0000-00-00 00:00:00'),
(332, 16, 4, 'GeoMas', '9', 0, 10, 3, 10, 11, '2019-04-05 23:55:33', '0000-00-00 00:00:00'),
(331, 16, 4, 'LuwKiz', '7', 0, 10, 2, 11, 8, '2019-04-05 23:55:33', '0000-00-00 00:00:00'),
(330, 16, 3, 'FarMiy', '6', 0, 11, 11, 11, 12, '2019-04-05 23:55:33', '0000-00-00 00:00:00'),
(329, 16, 3, 'TonMaw', '11', 0, 10, 9, 9, 10, '2019-04-05 23:55:33', '0000-00-00 00:00:00'),
(328, 16, 3, 'HasWas', '2', 0, 11, 10, 7, 8, '2019-04-05 23:55:33', '0000-00-00 00:00:00'),
(327, 16, 2, 'IsaIsi', '4', 0, 18, 11, 9, 11, '2019-04-05 23:55:33', '0000-00-00 00:00:00'),
(326, 16, 2, 'DenIgu', '5', 0, 14, 10, 5, 10, '2019-04-05 23:55:33', '0000-00-00 00:00:00'),
(325, 16, 2, 'IssDay', '14', 0, 20, 11, 7, 8, '2019-04-05 23:55:33', '0000-00-00 00:00:00'),
(324, 16, 2, 'TimAwa', '6', 0, 18, 8, 8, 10, '2019-04-05 23:55:33', '0000-00-00 00:00:00'),
(323, 16, 1, 'SalMag', '1', 10, 0, 0, 0, 10, '2019-04-05 23:55:33', '0000-00-00 00:00:00'),
(322, 15, 4, 'EvaRus', '13', 0, 44, 9, 8, 11, '2019-04-05 23:55:33', '0000-00-00 00:00:00'),
(321, 15, 1, 'TakMaw', '16', 7, 0, 8, 8, 9, '2019-04-05 23:55:33', '0000-00-00 00:00:00'),
(320, 15, 2, 'HarZvi', '20', 0, 36, 10, 44, 10, '2019-04-05 23:55:33', '0000-00-00 00:00:00'),
(319, 15, 2, 'CosNha', '23', 0, 10, 4, 11, 11, '2019-04-05 23:55:33', '0000-00-00 00:00:00'),
(318, 15, 4, 'MatRus', '14', 0, 20, 5, 12, 10, '2019-04-05 23:55:33', '0000-00-00 00:00:00'),
(317, 15, 3, 'MarNak', '2', 0, 16, 52, 10, 9, '2019-04-05 23:55:33', '0000-00-00 00:00:00'),
(316, 15, 3, 'WilKat', '15', 0, 14, 4, 11, 9, '2019-04-05 23:55:33', '0000-00-00 00:00:00'),
(315, 15, 4, 'TenNdo', '20', 0, 36, 10, 11, 11, '2019-04-05 23:55:33', '0000-00-00 00:00:00'),
(314, 15, 1, 'DonBer', '3', 7, 0, 0, 0, 7, '2019-04-05 23:55:33', '0000-00-00 00:00:00'),
(313, 15, 4, 'KnoMus', '22', 48, 20, 5, 12, 9, '2019-04-05 23:55:33', '0000-00-00 00:00:00'),
(312, 15, 2, 'EliMur', '2', 6, 16, 52, 10, 9, '2019-04-05 23:55:33', '0000-00-00 00:00:00'),
(311, 15, 2, 'OscMac', '7', 4, 11, 30, 8, 10, '2019-04-05 23:55:33', '0000-00-00 00:00:00'),
(310, 15, 4, 'NyaMus', '11', 30, 8, 3, 14, 12, '2019-04-05 23:55:33', '0000-00-00 00:00:00'),
(309, 15, 4, 'CutMal', '9', 0, 10, 3, 10, 11, '2019-04-05 23:55:33', '0000-00-00 00:00:00'),
(308, 15, 4, 'TinKad', '7', 0, 10, 2, 11, 10, '2019-04-05 23:55:33', '0000-00-00 00:00:00'),
(307, 15, 3, 'KhaBil', '6', 0, 40, 11, 11, 10, '2019-04-05 23:55:33', '0000-00-00 00:00:00'),
(306, 15, 3, 'DanPhi', '10', 0, 40, 9, 13, 11, '2019-04-05 23:55:33', '0000-00-00 00:00:00'),
(305, 15, 3, 'KudMah', '2', 0, 44, 10, 9, 9, '2019-04-05 23:55:33', '0000-00-00 00:00:00'),
(304, 15, 2, 'BruKan', '4', 0, 18, 40, 10, 10, '2019-04-05 23:55:33', '0000-00-00 00:00:00'),
(303, 15, 2, 'OniBha', '5', 0, 14, 44, 9, 11, '2019-04-05 23:55:33', '0000-00-00 00:00:00'),
(302, 15, 2, 'LawMhl', '14', 0, 20, 48, 11, 10, '2019-04-05 23:55:33', '0000-00-00 00:00:00'),
(301, 15, 2, 'TeeHad', '6', 0, 18, 40, 11, 9, '2019-04-05 23:55:33', '0000-00-00 00:00:00'),
(300, 15, 1, 'TatMuk', '1', 11, 0, 0, 0, 11, '2019-04-05 23:55:33', '0000-00-00 00:00:00'),
(299, 14, 4, 'TahKhe', '13', 0, 44, 9, 8, 9, '2019-04-05 23:55:33', '0000-00-00 00:00:00'),
(298, 14, 1, 'RaïBol', '16', 8, 0, 0, 0, 9, '2019-04-05 23:55:33', '0000-00-00 00:00:00'),
(297, 14, 2, 'HamNag', '20', 0, 36, 10, 11, 9, '2019-04-05 23:55:33', '0000-00-00 00:00:00'),
(296, 14, 2, 'DjaMes', '23', 0, 10, 3, 11, 11, '2019-04-05 23:55:33', '0000-00-00 00:00:00'),
(295, 14, 3, 'MamNdi', '14', 0, 20, 5, 12, 10, '2019-04-05 23:55:33', '0000-00-00 00:00:00'),
(294, 14, 3, 'HamNag', '2', 0, 16, 52, 10, 9, '2019-04-05 23:55:33', '0000-00-00 00:00:00'),
(293, 14, 3, 'BagBou', '15', 0, 14, 4, 11, 10, '2019-04-05 23:55:33', '0000-00-00 00:00:00'),
(292, 14, 2, 'MohRab', '20', 0, 36, 10, 11, 9, '2019-04-05 23:55:33', '0000-00-00 00:00:00'),
(291, 14, 1, 'CheRah', '3', 8, 0, 0, 0, 10, '2019-04-05 23:55:33', '0000-00-00 00:00:00'),
(290, 14, 4, 'AhmAka', '22', 0, 20, 5, 12, 9, '2019-04-05 23:55:33', '0000-00-00 00:00:00'),
(289, 14, 2, 'AïsMan', '2', 0, 16, 52, 10, 11, '2019-04-05 23:55:33', '0000-00-00 00:00:00'),
(288, 14, 2, 'LiaCad', '7', 0, 14, 4, 11, 10, '2019-04-05 23:55:33', '0000-00-00 00:00:00'),
(287, 14, 4, 'RiyMah', '10', 0, 8, 3, 14, 9, '2019-04-05 23:55:33', '0000-00-00 00:00:00'),
(286, 14, 4, 'IslSli', '9', 0, 10, 3, 10, 9, '2019-04-05 23:55:33', '0000-00-00 00:00:00'),
(285, 14, 4, 'SofHan', '7', 0, 10, 2, 11, 11, '2019-04-05 23:55:33', '0000-00-00 00:00:00'),
(284, 14, 3, 'YasBra', '12', 0, 40, 11, 11, 10, '2019-04-05 23:55:33', '0000-00-00 00:00:00'),
(283, 14, 3, 'RacGhe', '11', 0, 40, 9, 13, 9, '2019-04-05 23:55:33', '0000-00-00 00:00:00'),
(282, 14, 3, 'NabBen', '2', 0, 44, 10, 9, 11, '2019-04-05 23:55:33', '0000-00-00 00:00:00'),
(281, 14, 2, 'MohBen', '4', 0, 18, 40, 10, 10, '2019-04-05 23:55:33', '0000-00-00 00:00:00'),
(280, 14, 2, 'HicBel', '5', 0, 14, 44, 42, 9, '2019-04-05 23:55:33', '0000-00-00 00:00:00'),
(279, 14, 2, 'RamBen', '14', 0, 20, 48, 47, 10, '2019-04-05 23:55:33', '0000-00-00 00:00:00'),
(278, 14, 2, 'FaoGho', '6', 0, 18, 40, 40, 11, '2019-04-05 23:55:33', '0000-00-00 00:00:00'),
(277, 14, 1, 'MalAss', '1', 11, 0, 0, 0, 11, '2019-04-05 23:55:33', '0000-00-00 00:00:00'),
(276, 13, 4, 'TahKhe', '13', 0, 11, 9, 8, 9, '2019-04-05 23:55:33', '0000-00-00 00:00:00'),
(275, 13, 1, 'MoeChe', '16', 9, 0, 0, 0, 9, '2019-04-05 23:55:33', '0000-00-00 00:00:00'),
(274, 13, 2, 'HamNag', '20', 0, 12, 10, 11, 9, '2019-04-05 23:55:33', '0000-00-00 00:00:00'),
(273, 13, 2, 'SliKch', '23', 0, 10, 3, 11, 7, '2019-04-05 23:55:33', '0000-00-00 00:00:00'),
(272, 13, 3, 'MamNdi', '14', 0, 11, 5, 12, 9, '2019-04-05 23:55:33', '0000-00-00 00:00:00'),
(271, 13, 3, 'HamNag', '2', 0, 16, 12, 10, 9, '2019-04-05 23:55:33', '0000-00-00 00:00:00'),
(270, 13, 3, 'ZieBou', '15', 0, 14, 4, 11, 10, '2019-04-05 23:55:33', '0000-00-00 00:00:00'),
(269, 13, 2, 'ChaDha', '20', 0, 11, 10, 11, 11, '2019-04-05 23:55:33', '0000-00-00 00:00:00'),
(268, 13, 1, 'RamJer', '3', 10, 0, 0, 0, 10, '2019-04-05 23:55:33', '0000-00-00 00:00:00'),
(267, 13, 4, 'AhmAka', '22', 0, 20, 5, 12, 11, '2019-04-05 23:55:33', '0000-00-00 00:00:00'),
(266, 13, 2, 'MohYaa', '2', 0, 16, 11, 10, 10, '2019-04-05 23:55:33', '0000-00-00 00:00:00'),
(265, 13, 2, 'SyaYou', '7', 0, 14, 4, 11, 9, '2019-04-05 23:55:33', '0000-00-00 00:00:00'),
(264, 13, 4, 'SabKha', '10', 0, 8, 3, 14, 10, '2019-04-05 23:55:33', '0000-00-00 00:00:00'),
(263, 13, 3, 'NaïSli', '9', 0, 10, 3, 10, 11, '2019-04-05 23:55:33', '0000-00-00 00:00:00'),
(262, 13, 3, 'HamLah', '7', 0, 10, 2, 11, 9, '2019-04-05 23:55:33', '0000-00-00 00:00:00'),
(261, 13, 3, 'LarAzo', '6', 0, 10, 11, 11, 10, '2019-04-05 23:55:33', '0000-00-00 00:00:00'),
(260, 13, 3, 'WahKha', '11', 0, 11, 9, 13, 10, '2019-04-05 23:55:33', '0000-00-00 00:00:00'),
(259, 13, 3, 'MohAmo', '2', 0, 11, 10, 9, 9, '2019-04-05 23:55:33', '0000-00-00 00:00:00'),
(258, 13, 2, 'ZieBou', '4', 0, 18, 11, 10, 8, '2019-04-05 23:55:33', '0000-00-00 00:00:00'),
(257, 13, 2, 'AliMaa', '5', 0, 14, 10, 9, 9, '2019-04-05 23:55:33', '0000-00-00 00:00:00'),
(256, 13, 2, 'AymAbd', '14', 0, 11, 11, 11, 9, '2019-04-05 23:55:33', '0000-00-00 00:00:00'),
(255, 13, 2, 'HamMat', '6', 0, 18, 11, 11, 9, '2019-04-05 23:55:33', '0000-00-00 00:00:00'),
(254, 13, 1, 'AymMat', '1', 10, 0, 0, 0, 10, '2019-04-05 23:55:33', '0000-00-00 00:00:00'),
(253, 12, 4, 'MouDou', '13', 0, 11, 9, 8, 10, '2019-04-05 23:55:33', '0000-00-00 00:00:00'),
(252, 12, 1, 'SouDia', '16', 9, 0, 0, 0, 9, '2019-04-05 23:55:33', '0000-00-00 00:00:00'),
(251, 12, 2, 'SalCou', '20', 0, 10, 10, 11, 11, '2019-04-05 23:55:33', '0000-00-00 00:00:00'),
(250, 12, 4, 'MouYat', '23', 0, 10, 3, 11, 10, '2019-04-05 23:55:33', '0000-00-00 00:00:00'),
(249, 12, 3, 'MamNdi', '14', 0, 10, 5, 12, 10, '2019-04-05 23:55:33', '0000-00-00 00:00:00'),
(248, 12, 3, 'SamSow', '2', 0, 16, 12, 10, 9, '2019-04-05 23:55:33', '0000-00-00 00:00:00'),
(247, 12, 3, 'AdaTra', '15', 0, 14, 4, 11, 10, '2019-04-05 23:55:33', '0000-00-00 00:00:00'),
(246, 12, 2, 'MolWag', '20', 0, 10, 10, 11, 9, '2019-04-05 23:55:33', '0000-00-00 00:00:00'),
(245, 12, 1, 'DjiDia', '3', 10, 0, 0, 0, 10, '2019-04-05 23:55:33', '0000-00-00 00:00:00'),
(244, 12, 4, 'WilZah', '22', 0, 10, 5, 12, 9, '2019-04-05 23:55:33', '0000-00-00 00:00:00'),
(243, 12, 2, 'HamTra', '2', 0, 16, 11, 10, 11, '2019-04-05 23:55:33', '0000-00-00 00:00:00'),
(242, 12, 4, 'MouMar', '7', 0, 14, 4, 11, 9, '2019-04-05 23:55:33', '0000-00-00 00:00:00'),
(241, 12, 4, 'SalKal', '11', 0, 8, 3, 14, 11, '2019-04-05 23:55:33', '0000-00-00 00:00:00'),
(240, 12, 4, 'BakSak', '9', 0, 10, 4, 10, 9, '2019-04-05 23:55:33', '0000-00-00 00:00:00'),
(239, 12, 4, 'MaxGra', '7', 0, 10, 2, 11, 10, '2019-04-05 23:55:33', '0000-00-00 00:00:00'),
(238, 12, 3, 'LasCou', '6', 0, 11, 11, 11, 12, '2019-04-05 23:55:33', '0000-00-00 00:00:00'),
(237, 12, 3, 'YveBis', '10', 0, 10, 9, 13, 11, '2019-04-05 23:55:33', '0000-00-00 00:00:00'),
(236, 12, 3, 'SamYat', '2', 0, 11, 10, 9, 10, '2019-04-05 23:55:33', '0000-00-00 00:00:00'),
(235, 12, 2, 'ChaTra', '4', 0, 18, 10, 10, 9, '2019-04-05 23:55:33', '0000-00-00 00:00:00'),
(234, 12, 2, 'MahNdi', '5', 0, 14, 11, 9, 11, '2019-04-05 23:55:33', '0000-00-00 00:00:00'),
(233, 12, 2, 'YouKon', '14', 0, 10, 10, 11, 9, '2019-04-05 23:55:33', '0000-00-00 00:00:00'),
(232, 12, 2, 'OusCou', '6', 0, 18, 10, 11, 10, '2019-04-05 23:55:33', '0000-00-00 00:00:00'),
(231, 12, 1, 'OumSis', '1', 9, 0, 0, 0, 10, '2019-04-05 23:55:33', '0000-00-00 00:00:00'),
(230, 11, 4, 'GioSio', '13', 0, 10, 9, 8, 9, '2019-04-05 23:55:33', '0000-00-00 00:00:00'),
(229, 11, 1, 'ManSay', '16', 10, 0, 0, 0, 10, '2019-04-05 23:55:33', '0000-00-00 00:00:00'),
(228, 11, 2, 'BagMam', '20', 0, 11, 10, 11, 11, '2019-04-05 23:55:33', '0000-00-00 00:00:00'),
(227, 11, 4, 'NicPép', '23', 0, 10, 3, 11, 10, '2019-04-05 23:55:33', '0000-00-00 00:00:00'),
(226, 11, 3, 'IhlBeb', '14', 0, 12, 5, 12, 11, '2019-04-05 23:55:33', '0000-00-00 00:00:00'),
(225, 11, 3, 'FraKes', '2', 0, 16, 11, 10, 11, '2019-04-05 23:55:33', '0000-00-00 00:00:00'),
(224, 11, 3, 'VicAng', '15', 0, 14, 4, 11, 12, '2019-04-05 23:55:33', '0000-00-00 00:00:00'),
(223, 11, 2, 'LamKon', '20', 0, 12, 10, 11, 11, '2019-04-05 23:55:33', '0000-00-00 00:00:00'),
(222, 11, 1, 'BadSan', '3', 11, 0, 0, 0, 11, '2019-04-05 23:55:33', '0000-00-00 00:00:00'),
(221, 11, 4, 'WilZah', '22', 0, 11, 5, 12, 10, '2019-04-05 23:55:33', '0000-00-00 00:00:00'),
(220, 11, 3, 'SimDel', '2', 0, 16, 11, 10, 9, '2019-04-05 23:55:33', '0000-00-00 00:00:00'),
(219, 11, 4, 'WilBon', '7', 0, 14, 4, 11, 9, '2019-04-05 23:55:33', '0000-00-00 00:00:00'),
(218, 11, 4, 'SalKal', '10', 0, 8, 4, 14, 10, '2019-04-05 23:55:33', '0000-00-00 00:00:00'),
(217, 11, 4, 'JonKod', '9', 0, 10, 3, 10, 9, '2019-04-05 23:55:33', '0000-00-00 00:00:00'),
(216, 11, 4, 'MaxGra', '7', 0, 10, 2, 11, 10, '2019-04-05 23:55:33', '0000-00-00 00:00:00'),
(215, 11, 3, 'YaoSer', '6', 0, 10, 11, 11, 11, '2019-04-05 23:55:33', '0000-00-00 00:00:00'),
(214, 11, 3, 'CheDou', '11', 0, 10, 9, 13, 10, '2019-04-05 23:55:33', '0000-00-00 00:00:00'),
(213, 11, 3, 'JeaSér', '2', 0, 11, 10, 9, 9, '2019-04-05 23:55:33', '0000-00-00 00:00:00'),
(212, 11, 2, 'WilKan', '4', 0, 18, 11, 10, 11, '2019-04-05 23:55:33', '0000-00-00 00:00:00'),
(211, 11, 2, 'AdaTra', '5', 0, 14, 11, 9, 10, '2019-04-05 23:55:33', '0000-00-00 00:00:00'),
(210, 11, 2, 'ÉriBai', '14', 0, 10, 10, 11, 9, '2019-04-05 23:55:33', '0000-00-00 00:00:00'),
(209, 11, 2, 'SerAur', '6', 0, 18, 10, 11, 11, '2019-04-05 23:55:33', '0000-00-00 00:00:00'),
(208, 11, 1, 'SylGbo', '1', 11, 0, 0, 0, 11, '2019-04-05 23:55:33', '0000-00-00 00:00:00'),
(207, 10, 3, 'HamAbd', '13', 0, 10, 10, 11, 10, '2019-04-05 23:55:33', '0000-00-00 00:00:00'),
(206, 10, 1, 'RamKab', '16', 0, 10, 8, 8, 10, '2019-04-05 23:55:33', '0000-00-00 00:00:00'),
(205, 10, 2, 'AbdBad', '20', 0, 11, 10, 14, 11, '2019-04-05 23:55:33', '0000-00-00 00:00:00'),
(204, 10, 3, 'AbdMak', '23', 0, 10, 11, 11, 11, '2019-04-05 23:55:33', '0000-00-00 00:00:00'),
(203, 10, 3, 'HimMka', '14', 0, 11, 5, 12, 10, '2019-04-05 23:55:33', '0000-00-00 00:00:00'),
(202, 10, 3, 'AbbMud', '2', 0, 16, 10, 10, 9, '2019-04-05 23:55:33', '0000-00-00 00:00:00'),
(201, 10, 3, 'SaiNde', '15', 0, 14, 4, 11, 10, '2019-04-05 23:55:33', '0000-00-00 00:00:00'),
(200, 10, 2, 'MohIss', '20', 0, 11, 10, 11, 9, '2019-04-05 23:55:33', '0000-00-00 00:00:00'),
(199, 10, 1, 'AisMan', '3', 9, 0, 0, 0, 9, '2019-04-05 23:55:33', '0000-00-00 00:00:00'),
(198, 10, 4, 'IbrAji', '22', 0, 10, 5, 12, 10, '2019-04-05 23:55:33', '0000-00-00 00:00:00'),
(197, 10, 2, 'ShoKap', '2', 0, 16, 10, 13, 9, '2019-04-05 23:55:33', '0000-00-00 00:00:00'),
(196, 10, 4, 'JohBoc', '7', 0, 10, 4, 11, 10, '2019-04-05 23:55:33', '0000-00-00 00:00:00'),
(195, 10, 4, 'ShaChi', '10', 0, 8, 10, 14, 11, '2019-04-05 23:55:33', '0000-00-00 00:00:00'),
(194, 10, 4, 'RapLot', '9', 0, 10, 11, 10, 10, '2019-04-05 23:55:33', '0000-00-00 00:00:00'),
(193, 10, 3, 'FaiSal', '7', 0, 10, 12, 11, 9, '2019-04-05 23:55:33', '0000-00-00 00:00:00'),
(192, 10, 3, 'MudYah', '6', 0, 11, 10, 11, 12, '2019-04-05 23:55:33', '0000-00-00 00:00:00'),
(191, 10, 2, 'HasRam', '10', 0, 11, 10, 13, 10, '2019-04-05 23:55:33', '0000-00-00 00:00:00'),
(190, 10, 2, 'KelYon', '2', 0, 11, 11, 9, 10, '2019-04-05 23:55:33', '0000-00-00 00:00:00'),
(189, 10, 2, 'HasKes', '4', 0, 18, 11, 11, 11, '2019-04-05 23:55:33', '0000-00-00 00:00:00'),
(188, 10, 2, 'DjeDak', '5', 0, 14, 11, 41, 9, '2019-04-05 23:55:33', '0000-00-00 00:00:00'),
(187, 10, 2, 'GabMic', '14', 0, 20, 48, 47, 10, '2019-04-05 23:55:33', '0000-00-00 00:00:00'),
(186, 10, 2, 'EraNyo', '6', 0, 18, 40, 45, 10, '2019-04-05 23:55:33', '0000-00-00 00:00:00'),
(185, 10, 1, 'MohAbd', '1', 9, 0, 0, 0, 9, '2019-04-05 23:55:33', '0000-00-00 00:00:00'),
(184, 9, 3, 'RomSaï', '13', 0, 12, 11, 8, 12, '2019-04-05 23:55:33', '0000-00-00 00:00:00'),
(183, 9, 1, 'YasKah', '16', 9, 0, 0, 0, 10, '2019-04-05 23:55:33', '0000-00-00 00:00:00'),
(182, 9, 2, 'YouBen', '20', 0, 12, 10, 10, 10, '2019-04-05 23:55:33', '0000-00-00 00:00:00'),
(181, 9, 3, 'OghEte', '19', 0, 10, 10, 11, 11, '2019-04-05 23:55:33', '0000-00-00 00:00:00'),
(180, 9, 3, 'FayFaj', '14', 0, 12, 12, 12, 10, '2019-04-05 23:55:33', '0000-00-00 00:00:00'),
(179, 9, 3, 'MbaBou', '2', 0, 16, 11, 10, 11, '2019-04-05 23:55:33', '0000-00-00 00:00:00'),
(178, 9, 4, 'KhaBou', '15', 0, 12, 4, 11, 11, '2019-04-05 23:55:33', '0000-00-00 00:00:00'),
(177, 9, 2, 'FouCha', '20', 0, 11, 10, 12, 10, '2019-04-05 23:55:33', '0000-00-00 00:00:00'),
(176, 9, 1, 'YasBou', '3', 10, 0, 0, 0, 10, '2019-04-05 23:55:33', '0000-00-00 00:00:00'),
(175, 9, 4, 'RacAli', '22', 0, 10, 5, 12, 9, '2019-04-05 23:55:33', '0000-00-00 00:00:00'),
(174, 9, 2, 'ManCos', '2', 0, 16, 11, 10, 10, '2019-04-05 23:55:33', '0000-00-00 00:00:00'),
(173, 9, 4, 'YouAra', '7', 0, 11, 4, 11, 11, '2019-04-05 23:55:33', '0000-00-00 00:00:00'),
(172, 9, 4, 'AziBou', '10', 0, 11, 3, 14, 13, '2019-04-05 23:55:33', '0000-00-00 00:00:00'),
(171, 9, 4, 'YouEnn', '9', 0, 11, 3, 10, 11, '2019-04-05 23:55:33', '0000-00-00 00:00:00'),
(170, 9, 3, 'KarAhm', '7', 0, 10, 13, 11, 10, '2019-04-05 23:55:33', '0000-00-00 00:00:00'),
(169, 9, 3, 'SofBou', '6', 0, 10, 11, 11, 12, '2019-04-05 23:55:33', '0000-00-00 00:00:00'),
(168, 9, 3, 'NorAmr', '23', 0, 11, 14, 13, 9, '2019-04-05 23:55:33', '0000-00-00 00:00:00'),
(167, 9, 3, 'NanMen', '2', 0, 11, 10, 9, 12, '2019-04-05 23:55:33', '0000-00-00 00:00:00'),
(166, 9, 2, 'HamMed', '4', 0, 18, 10, 9, 11, '2019-04-05 23:55:33', '0000-00-00 00:00:00'),
(165, 9, 2, 'NabDir', '5', 0, 14, 11, 10, 10, '2019-04-05 23:55:33', '0000-00-00 00:00:00'),
(164, 9, 2, 'MedBen', '14', 0, 20, 10, 12, 10, '2019-04-05 23:55:33', '0000-00-00 00:00:00'),
(163, 9, 2, 'AmiAtt', '6', 0, 18, 10, 11, 11, '2019-04-05 23:55:33', '0000-00-00 00:00:00'),
(162, 9, 1, 'MunMoh', '1', 10, 0, 0, 0, 11, '2019-04-05 23:55:33', '0000-00-00 00:00:00'),
(161, 8, 3, 'WilNdi', '13', 0, 7, 11, 8, 10, '2019-04-05 23:55:33', '0000-00-00 00:00:00'),
(160, 8, 1, 'DelAla', '16', 11, 0, 0, 0, 11, '2019-04-05 23:55:33', '0000-00-00 00:00:00'),
(159, 8, 2, 'TyrEbu', '20', 0, 10, 10, 11, 12, '2019-04-05 23:55:33', '0000-00-00 00:00:00'),
(158, 8, 3, 'OghEte', '23', 0, 10, 3, 11, 11, '2019-04-05 23:55:33', '0000-00-00 00:00:00'),
(157, 8, 4, 'AntNwa', '14', 0, 9, 5, 12, 9, '2019-04-05 23:55:33', '0000-00-00 00:00:00'),
(156, 8, 2, 'OdiIga', '2', 0, 16, 13, 11, 12, '2019-04-05 23:55:33', '0000-00-00 00:00:00'),
(155, 8, 4, 'AleIwo', '15', 0, 11, 10, 11, 11, '2019-04-05 23:55:33', '0000-00-00 00:00:00'),
(154, 8, 2, 'ChiAwa', '20', 0, 11, 10, 11, 11, '2019-04-05 23:55:33', '0000-00-00 00:00:00'),
(153, 8, 1, 'IkeEze', '3', 10, 0, 0, 0, 10, '2019-04-05 23:55:33', '0000-00-00 00:00:00'),
(152, 8, 4, 'JohOgu', '22', 0, 10, 5, 12, 12, '2019-04-05 23:55:33', '0000-00-00 00:00:00'),
(151, 8, 2, 'OdiIga', '2', 0, 16, 11, 10, 11, '2019-04-05 23:55:33', '0000-00-00 00:00:00'),
(150, 8, 4, 'AleIwo', '7', 0, 11, 14, 11, 9, '2019-04-05 23:55:33', '0000-00-00 00:00:00'),
(149, 8, 4, 'VicMos', '11', 0, 10, 10, 14, 13, '2019-04-05 23:55:33', '0000-00-00 00:00:00'),
(148, 8, 4, 'IkeNah', '9', 0, 12, 10, 10, 12, '2019-04-05 23:55:33', '0000-00-00 00:00:00'),
(147, 8, 3, 'HamMus', '7', 0, 10, 10, 11, 12, '2019-04-05 23:55:33', '0000-00-00 00:00:00'),
(146, 8, 3, 'OgeOna', '6', 0, 11, 11, 11, 11, '2019-04-05 23:55:33', '0000-00-00 00:00:00'),
(145, 8, 3, 'JohObi', '10', 0, 10, 12, 9, 14, '2019-04-05 23:55:33', '0000-00-00 00:00:00'),
(144, 8, 3, 'NanMen', '2', 0, 14, 11, 9, 12, '2019-04-05 23:55:33', '0000-00-00 00:00:00'),
(143, 8, 2, 'AbdShe', '4', 0, 18, 12, 11, 10, '2019-04-05 23:55:33', '0000-00-00 00:00:00'),
(142, 8, 2, 'EldEch', '5', 0, 14, 10, 11, 10, '2019-04-05 23:55:33', '0000-00-00 00:00:00'),
(141, 8, 2, 'OlaAin', '14', 0, 10, 10, 12, 12, '2019-04-05 23:55:33', '0000-00-00 00:00:00'),
(140, 8, 2, 'WilEko', '6', 0, 18, 12, 10, 11, '2019-04-05 23:55:33', '0000-00-00 00:00:00'),
(139, 8, 1, 'DanApk', '1', 11, 0, 0, 0, 12, '2019-04-05 23:55:33', '0000-00-00 00:00:00'),
(138, 7, 6, 'PiqDas', '18', 0, 11, 9, 8, 10, '2019-04-05 23:55:33', '0000-00-00 00:00:00'),
(137, 7, 3, 'EmaBad', '23', 0, 12, 10, 11, 9, '2019-04-05 23:55:33', '0000-00-00 00:00:00'),
(136, 7, 4, 'JonMen', '22', 0, 10, 3, 11, 9, '2019-04-05 23:55:33', '0000-00-00 00:00:00'),
(135, 7, 4, 'BerTek', '14', 0, 10, 5, 13, 9, '2019-04-05 23:55:33', '0000-00-00 00:00:00'),
(134, 7, 2, 'EdwGym', '19', 0, 16, 10, 13, 10, '2019-04-05 23:55:33', '0000-00-00 00:00:00'),
(133, 7, 4, 'EbeAss', '13', 0, 14, 4, 11, 11, '2019-04-05 23:55:33', '0000-00-00 00:00:00'),
(132, 7, 1, 'MouCan', '16', 10, 0, 0, 0, 10, '2019-04-05 23:55:33', '0000-00-00 00:00:00'),
(131, 7, 3, 'IdrCam', '20', 0, 10, 10, 11, 10, '2019-04-05 23:55:33', '0000-00-00 00:00:00'),
(130, 7, 3, 'MohDia', '9', 0, 10, 3, 11, 11, '2019-04-05 23:55:33', '0000-00-00 00:00:00'),
(129, 7, 4, 'BouCav', '10', 0, 11, 5, 12, 10, '2019-04-05 23:55:33', '0000-00-00 00:00:00'),
(128, 7, 2, 'GomMen', '2', 0, 16, 10, 10, 12, '2019-04-05 23:55:33', '0000-00-00 00:00:00'),
(127, 7, 4, 'MouSow', '7', 0, 11, 4, 11, 11, '2019-04-05 23:55:33', '0000-00-00 00:00:00'),
(126, 7, 4, 'AbeCam', '9', 0, 10, 3, 11, 12, '2019-04-05 23:55:33', '0000-00-00 00:00:00'),
(125, 7, 4, 'JoaMar', '19', 0, 10, 3, 9, 12, '2019-04-05 23:55:33', '0000-00-00 00:00:00'),
(124, 7, 4, 'BriSil', '15', 0, 10, 2, 11, 11, '2019-04-05 23:55:33', '0000-00-00 00:00:00'),
(123, 7, 3, 'ZezNho', '7', 0, 12, 11, 11, 10, '2019-04-05 23:55:33', '0000-00-00 00:00:00'),
(122, 7, 3, 'SanSil', '18', 0, 10, 11, 12, 12, '2019-04-05 23:55:33', '0000-00-00 00:00:00'),
(121, 7, 3, 'NanMen', '11', 0, 11, 10, 9, 10, '2019-04-05 23:55:33', '0000-00-00 00:00:00'),
(120, 7, 2, 'TomDab', '4', 0, 18, 10, 10, 11, '2019-04-05 23:55:33', '0000-00-00 00:00:00'),
(119, 7, 2, 'BriSil', '5', 0, 14, 10, 10, 11, '2019-04-05 23:55:33', '0000-00-00 00:00:00'),
(118, 7, 2, 'JuaSoa', '2', 0, 11, 4, 12, 11, '2019-04-05 23:55:33', '0000-00-00 00:00:00'),
(117, 7, 1, 'SoaAgr', '1', 11, 0, 0, 0, 12, '2019-04-05 23:55:33', '0000-00-00 00:00:00'),
(116, 6, 3, 'AliNdi', '17', 0, 14, 9, 8, 9, '2019-04-05 23:55:33', '0000-00-00 00:00:00'),
(115, 6, 3, 'HarRan', '23', 0, 12, 10, 11, 10, '2019-04-05 23:55:33', '0000-00-00 00:00:00'),
(114, 6, 4, 'JonMen', '22', 0, 10, 3, 11, 10, '2019-04-05 23:55:33', '0000-00-00 00:00:00'),
(113, 6, 4, 'BerTek', '14', 0, 20, 5, 13, 9, '2019-04-05 23:55:33', '0000-00-00 00:00:00'),
(112, 6, 2, 'EdwGym', '19', 0, 16, 12, 13, 9, '2019-04-05 23:55:33', '0000-00-00 00:00:00'),
(111, 6, 4, 'EbeAss', '13', 0, 14, 4, 11, 8, '2019-04-05 23:55:33', '0000-00-00 00:00:00'),
(110, 6, 1, 'KhaNdi', '16', 11, 0, 8, 8, 11, '2019-04-05 23:55:33', '0000-00-00 00:00:00'),
(109, 6, 3, 'EtiRas', '13', 0, 11, 10, 11, 10, '2019-04-05 23:55:33', '0000-00-00 00:00:00'),
(108, 6, 3, 'NatSui', '9', 0, 10, 3, 11, 11, '2019-04-05 23:55:33', '0000-00-00 00:00:00'),
(107, 6, 4, 'FanAnd', '11', 0, 20, 5, 12, 9, '2019-04-05 23:55:33', '0000-00-00 00:00:00'),
(106, 6, 2, 'PapNdi', '18', 0, 16, 13, 10, 10, '2019-04-05 23:55:33', '0000-00-00 00:00:00'),
(105, 6, 4, 'RijRak', '7', 0, 14, 4, 11, 11, '2019-04-05 23:55:33', '0000-00-00 00:00:00'),
(104, 6, 4, 'PauVoa', '9', 0, 8, 3, 14, 14, '2019-04-05 23:55:33', '0000-00-00 00:00:00'),
(103, 6, 3, 'BouAng', '20', 0, 10, 3, 9, 11, '2019-04-05 23:55:33', '0000-00-00 00:00:00'),
(102, 6, 3, 'EvoUna', '7', 0, 10, 2, 11, 10, '2019-04-05 23:55:33', '0000-00-00 00:00:00'),
(101, 6, 3, 'DidNdo', '22', 0, 12, 11, 11, 11, '2019-04-05 23:55:33', '0000-00-00 00:00:00'),
(100, 6, 3, 'JohPau', '10', 0, 11, 9, 12, 12, '2019-04-05 23:55:33', '0000-00-00 00:00:00'),
(99, 6, 3, 'JeaTsa', '4', 0, 11, 10, 9, 8, '2019-04-05 23:55:33', '0000-00-00 00:00:00'),
(98, 6, 2, 'RupMen', '6', 0, 18, 14, 10, 11, '2019-04-05 23:55:33', '0000-00-00 00:00:00'),
(97, 6, 2, 'MenAke', '2', 0, 14, 14, 9, 9, '2019-04-05 23:55:33', '0000-00-00 00:00:00'),
(96, 6, 2, 'ManEcu', '5', 0, 20, 11, 11, 9, '2019-04-05 23:55:33', '0000-00-00 00:00:00'),
(95, 6, 2, 'PalAnh', '8', 0, 18, 11, 11, 10, '2019-04-05 23:55:33', '0000-00-00 00:00:00'),
(94, 6, 1, 'DidOvo', '1', 12, 0, 0, 0, 12, '2019-04-05 23:55:33', '0000-00-00 00:00:00'),
(93, 5, 3, 'AliNdi', '17', 0, 11, 9, 8, 9, '2019-04-05 23:55:33', '0000-00-00 00:00:00'),
(92, 5, 3, 'EmrBad', '23', 0, 12, 10, 11, 10, '2019-04-05 23:55:33', '0000-00-00 00:00:00'),
(91, 5, 4, 'JonMen', '22', 0, 10, 3, 11, 10, '2019-04-05 23:55:33', '0000-00-00 00:00:00'),
(90, 5, 4, 'MouSow', '14', 0, 9, 5, 13, 11, '2019-04-05 23:55:33', '0000-00-00 00:00:00'),
(89, 5, 2, 'CheKou', '19', 0, 16, 11, 13, 10, '2019-04-05 23:55:33', '0000-00-00 00:00:00'),
(88, 5, 4, 'DiaSak', '13', 0, 10, 4, 11, 11, '2019-04-05 23:55:33', '0000-00-00 00:00:00'),
(87, 5, 1, 'AbdDia', '16', 11, 0, 8, 8, 11, '2019-04-05 23:55:33', '0000-00-00 00:00:00'),
(86, 5, 3, 'MouKon', '13', 0, 11, 10, 11, 10, '2019-04-05 23:55:33', '0000-00-00 00:00:00'),
(85, 5, 3, 'MohDia', '9', 0, 10, 3, 11, 8, '2019-04-05 23:55:33', '0000-00-00 00:00:00'),
(84, 5, 4, 'CheNdo', '11', 0, 11, 5, 12, 9, '2019-04-05 23:55:33', '0000-00-00 00:00:00'),
(83, 5, 2, 'MbaNia', '18', 0, 16, 13, 10, 11, '2019-04-05 23:55:33', '0000-00-00 00:00:00'),
(82, 5, 4, 'MamDio', '7', 0, 14, 4, 11, 13, '2019-04-05 23:55:33', '0000-00-00 00:00:00'),
(81, 5, 4, 'KeiBal', '9', 0, 8, 3, 14, 12, '2019-04-05 23:55:33', '0000-00-00 00:00:00'),
(80, 5, 3, 'SalSan', '20', 0, 10, 3, 9, 11, '2019-04-05 23:55:33', '0000-00-00 00:00:00'),
(79, 5, 3, 'IsmSar', '7', 0, 10, 2, 11, 13, '2019-04-05 23:55:33', '0000-00-00 00:00:00'),
(78, 5, 3, 'CheNdo', '22', 0, 14, 11, 11, 11, '2019-04-05 23:55:33', '0000-00-00 00:00:00'),
(77, 5, 3, 'SadMan', '10', 0, 12, 9, 12, 14, '2019-04-05 23:55:33', '0000-00-00 00:00:00'),
(76, 5, 3, 'IdrGue', '4', 0, 10, 10, 9, 10, '2019-04-05 23:55:33', '0000-00-00 00:00:00'),
(75, 5, 2, 'KarNgo', '6', 0, 18, 11, 10, 13, '2019-04-05 23:55:33', '0000-00-00 00:00:00'),
(74, 5, 2, 'KalKou', '2', 0, 14, 11, 9, 14, '2019-04-05 23:55:33', '0000-00-00 00:00:00'),
(73, 5, 2, 'LamGas', '5', 0, 20, 12, 11, 11, '2019-04-05 23:55:33', '0000-00-00 00:00:00'),
(72, 5, 2, 'SalCis', '8', 0, 18, 11, 11, 12, '2019-04-05 23:55:33', '0000-00-00 00:00:00'),
(71, 5, 1, 'AlfGom', '1', 12, 0, 0, 0, 12, '2019-04-05 23:55:33', '0000-00-00 00:00:00'),
(70, 4, 3, 'HasTis', '14', 0, 9, 11, 11, 8, '2019-04-05 23:55:33', '0000-00-00 00:00:00'),
(69, 4, 3, 'ElmBad', '23', 0, 10, 11, 11, 9, '2019-04-05 23:55:33', '0000-00-00 00:00:00'),
(68, 4, 4, 'JonMen', '22', 0, 11, 8, 11, 10, '2019-04-05 23:55:33', '0000-00-00 00:00:00'),
(67, 4, 4, 'BerTek', '14', 0, 12, 5, 13, 9, '2019-04-05 23:55:33', '0000-00-00 00:00:00'),
(66, 4, 2, 'EdwGym', '19', 0, 16, 11, 11, 10, '2019-04-05 23:55:33', '0000-00-00 00:00:00'),
(65, 4, 4, 'EbeAss', '13', 0, 14, 4, 11, 11, '2019-04-05 23:55:33', '0000-00-00 00:00:00'),
(64, 4, 1, 'MiaKas', '17', 10, 0, 0, 0, 10, '2019-04-05 23:55:33', '0000-00-00 00:00:00'),
(63, 4, 3, 'EmkBad', '11', 0, 7, 13, 11, 10, '2019-04-05 23:55:33', '0000-00-00 00:00:00'),
(62, 4, 4, 'JonMen', '9', 0, 14, 3, 11, 10, '2019-04-05 23:55:33', '0000-00-00 00:00:00'),
(61, 4, 4, 'MidHos', '7', 0, 14, 5, 13, 11, '2019-04-05 23:55:33', '0000-00-00 00:00:00'),
(60, 4, 3, 'BenHaz', '2', 0, 16, 12, 13, 12, '2019-04-05 23:55:33', '0000-00-00 00:00:00'),
(59, 4, 4, 'HasHos', '20', 0, 14, 4, 11, 11, '2019-04-05 23:55:33', '0000-00-00 00:00:00'),
(58, 4, 4, 'WarWal', '22', 0, 11, 3, 11, 11, '2019-04-05 23:55:33', '0000-00-00 00:00:00'),
(57, 4, 4, 'HasHos', '21', 0, 12, 3, 11, 10, '2019-04-05 23:55:33', '0000-00-00 00:00:00'),
(56, 4, 4, 'MohSal', '10', 0, 16, 12, 10, 15, '2019-04-05 23:55:33', '0000-00-00 00:00:00'),
(55, 4, 3, 'ElsAid', '19', 0, 12, 9, 12, 12, '2019-04-05 23:55:33', '0000-00-00 00:00:00'),
(54, 4, 3, 'TarHam', '8', 0, 10, 12, 10, 11, '2019-04-05 23:55:33', '0000-00-00 00:00:00'),
(53, 4, 3, 'MohEln', '17', 0, 10, 11, 11, 12, '2019-04-05 23:55:33', '0000-00-00 00:00:00'),
(52, 4, 2, 'ElfMoh', '3', 0, 18, 10, 12, 12, '2019-04-05 23:55:33', '0000-00-00 00:00:00'),
(51, 4, 2, 'AliGab', '2', 0, 14, 11, 10, 10, '2019-04-05 23:55:33', '0000-00-00 00:00:00'),
(50, 4, 2, 'AhmHeg', '6', 0, 11, 14, 13, 11, '2019-04-05 23:55:33', '0000-00-00 00:00:00'),
(49, 4, 2, 'FatTer', '7', 0, 18, 15, 10, 9, '2019-04-05 23:55:33', '0000-00-00 00:00:00'),
(48, 4, 1, 'HisHad', '1', 11, 0, 0, 0, 12, '2019-04-05 23:55:33', '0000-00-00 00:00:00'),
(47, 3, 2, 'EbeAss', '14', 0, 14, 12, 11, 10, '2019-04-05 23:55:33', '0000-00-00 00:00:00'),
(46, 3, 2, 'EmgBad', '23', 0, 16, 10, 11, 10, '2019-04-05 23:55:33', '0000-00-00 00:00:00'),
(45, 3, 4, 'JonMen', '22', 0, 10, 3, 11, 11, '2019-04-05 23:55:33', '0000-00-00 00:00:00'),
(44, 3, 4, 'BerTek', '14', 0, 12, 5, 13, 10, '2019-04-05 23:55:33', '0000-00-00 00:00:00'),
(43, 3, 2, 'EdwGym', '19', 0, 16, 10, 12, 11, '2019-04-05 23:55:33', '0000-00-00 00:00:00'),
(42, 3, 4, 'EbeAss', '13', 0, 14, 4, 11, 12, '2019-04-05 23:55:33', '0000-00-00 00:00:00'),
(41, 3, 1, 'SamTet', '17', 9, 0, 0, 0, 9, '2019-04-05 23:55:33', '0000-00-00 00:00:00'),
(40, 3, 2, 'EmeBad', '11', 0, 11, 10, 11, 11, '2019-04-05 23:55:33', '0000-00-00 00:00:00'),
(39, 3, 4, 'JonMen', '4', 0, 10, 3, 11, 11, '2019-04-05 23:55:33', '0000-00-00 00:00:00'),
(38, 3, 4, 'AsaGya', '7', 0, 14, 10, 13, 13, '2019-04-05 23:55:33', '0000-00-00 00:00:00'),
(37, 3, 2, 'FatDau', '16', 0, 16, 12, 13, 10, '2019-04-05 23:55:33', '0000-00-00 00:00:00'),
(36, 3, 4, 'RioFor', '20', 0, 10, 4, 11, 10, '2019-04-05 23:55:33', '0000-00-00 00:00:00'),
(35, 3, 4, 'JorAye', '9', 0, 14, 3, 11, 12, '2019-04-05 23:55:33', '0000-00-00 00:00:00'),
(34, 3, 4, 'AndAye', '10', 0, 10, 11, 11, 13, '2019-04-05 23:55:33', '0000-00-00 00:00:00'),
(33, 3, 4, 'ThoPar', '4', 0, 12, 11, 10, 11, '2019-04-05 23:55:33', '0000-00-00 00:00:00'),
(32, 3, 2, 'MubWak', '3', 0, 12, 12, 12, 11, '2019-04-05 23:55:33', '0000-00-00 00:00:00'),
(31, 3, 2, 'ChrAts', '6', 0, 13, 9, 10, 12, '2019-04-05 23:55:33', '0000-00-00 00:00:00'),
(30, 3, 2, 'AfrAcq', '3', 0, 15, 12, 11, 12, '2019-04-05 23:55:33', '0000-00-00 00:00:00'),
(29, 3, 2, 'FraFac', '2', 0, 9, 10, 14, 10, '2019-04-05 23:55:33', '0000-00-00 00:00:00'),
(28, 3, 2, 'DanAma', '2', 0, 8, 12, 12, 11, '2019-04-05 23:55:33', '0000-00-00 00:00:00'),
(27, 3, 2, 'JohBoy', '2', 0, 10, 10, 10, 11, '2019-04-05 23:55:33', '0000-00-00 00:00:00'),
(26, 3, 2, 'HarAff', '2', 0, 7, 12, 12, 10, '2019-04-05 23:55:33', '0000-00-00 00:00:00'),
(25, 3, 1, 'BriRaz', '1', 11, 0, 0, 0, 11, '2019-04-05 23:55:33', '0000-00-00 00:00:00'),
(24, 2, 3, 'GeoMan', '14', 0, 10, 15, 9, 12, '2019-04-05 23:55:33', '0000-00-00 00:00:00'),
(23, 2, 2, 'JerOng', '12', 0, 17, 14, 9, 9, '2019-04-05 23:55:33', '0000-00-00 00:00:00'),
(22, 2, 3, 'PetBou', '23', 0, 12, 3, 11, 9, '2019-04-05 23:55:33', '0000-00-00 00:00:00'),
(21, 2, 1, 'CarKam', '23', 0, 9, 10, 12, 11, '2019-04-05 23:55:33', '0000-00-00 00:00:00'),
(20, 2, 2, 'JeaKan', '21', 0, 16, 12, 11, 10, '2019-04-05 23:55:33', '0000-00-00 00:00:00'),
(19, 2, 2, 'JoyTch', '22', 0, 14, 36, 11, 11, '2019-04-05 23:55:33', '0000-00-00 00:00:00'),
(18, 2, 1, 'AndOna', '1', 12, 0, 0, 0, 15, '2019-04-05 23:55:33', '0000-00-00 00:00:00'),
(17, 2, 2, 'JauFuc', '11', 0, 10, 11, 10, 11, '2019-04-05 23:55:33', '0000-00-00 00:00:00'),
(16, 2, 4, 'JaqZou', '9', 0, 11, 3, 11, 11, '2019-04-05 23:55:33', '0000-00-00 00:00:00'),
(15, 2, 4, 'CliNji', '7', 0, 12, 14, 8, 12, '2019-04-05 23:55:33', '0000-00-00 00:00:00'),
(14, 2, 2, 'GaeBon', '2', 0, 10, 20, 13, 13, '2019-04-05 23:55:33', '0000-00-00 00:00:00'),
(13, 2, 3, 'WilKap', '20', 0, 10, 10, 8, 12, '2019-04-05 23:55:33', '0000-00-00 00:00:00'),
(12, 2, 4, 'SteBah', '10', 0, 10, 15, 5, 15, '2019-04-05 23:55:33', '0000-00-00 00:00:00'),
(11, 2, 4, 'ChrBas', '13', 0, 11, 4, 13, 14, '2019-04-05 23:55:33', '0000-00-00 00:00:00'),
(10, 2, 4, 'EriCho', '8', 0, 20, 16, 13, 12, '2019-04-05 23:55:33', '0000-00-00 00:00:00'),
(9, 2, 3, 'AngZam', '3', 0, 13, 10, 10, 13, '2019-04-05 23:55:33', '0000-00-00 00:00:00'),
(8, 2, 3, 'ArnDjo', '17', 0, 11, 12, 11, 12, '2019-04-05 23:55:33', '0000-00-00 00:00:00'),
(7, 2, 3, 'PieKun', '15', 0, 10, 15, 11, 13, '2019-04-05 23:55:33', '0000-00-00 00:00:00'),
(6, 2, 2, 'AmbOyo', '6', 0, 13, 10, 7, 12, '2019-04-05 23:55:33', '0000-00-00 00:00:00'),
(5, 2, 2, 'YayBan', '4', 0, 11, 8, 7, 13, '2019-04-05 23:55:33', '0000-00-00 00:00:00'),
(4, 2, 2, 'MikNga', '5', 0, 14, 10, 7, 12, '2019-04-05 23:55:33', '0000-00-00 00:00:00'),
(3, 2, 2, 'ColFai', '19', 0, 8, 10, 30, 12, '2019-04-05 23:55:33', '0000-00-00 00:00:00'),
(2, 2, 1, 'FabOnd', '16', 13, 0, 0, 0, 15, '2019-04-05 23:55:33', '0000-00-00 00:00:00'),
(552, 1, 3, 'EnoSab', '13', 0, 14, 10, 14, 12, '2019-04-05 23:55:33', '0000-00-00 00:00:00'),
(551, 1, 3, 'RamSal', '16', 9, 0, 0, 0, 9, '2019-04-05 23:55:33', '0000-00-00 00:00:00'),
(550, 1, 4, 'FisRaz', '20', 0, 11, 10, 9, 9, '2019-04-05 23:55:33', '0000-00-00 00:00:00'),
(549, 1, 4, 'CedAmi', '12', 0, 14, 3, 9, 11, '2019-04-05 23:55:33', '0000-00-00 00:00:00'),
(548, 1, 4, 'SaiBer', '14', 0, 25, 5, 10, 10, '2019-04-05 23:55:33', '0000-00-00 00:00:00'),
(547, 1, 4, 'LauMav', '2', 0, 16, 12, 10, 8, '2019-04-05 23:55:33', '0000-00-00 00:00:00'),
(546, 1, 3, 'FraBar', '15', 0, 12, 4, 11, 11, '2019-04-05 23:55:33', '0000-00-00 00:00:00'),
(545, 1, 3, 'GaeDuh', '20', 0, 12, 10, 11, 9, '2019-04-05 23:55:33', '0000-00-00 00:00:00'),
(544, 1, 1, 'FabMut', '3', 10, 0, 0, 0, 10, '2019-04-05 23:55:33', '0000-00-00 00:00:00'),
(543, 1, 2, 'RacHar', '22', 0, 20, 5, 15, 11, '2019-04-05 23:55:33', '0000-00-00 00:00:00'),
(542, 1, 2, 'FatKiz', '2', 0, 16, 12, 7, 9, '2019-04-05 23:55:33', '0000-00-00 00:00:00'),
(541, 1, 2, 'OmaMou', '17', 0, 10, 4, 8, 10, '2019-04-05 23:55:33', '0000-00-00 00:00:00'),
(540, 1, 4, 'JeaNda', '11', 0, 13, 3, 9, 11, '2019-04-05 23:55:33', '0000-00-00 00:00:00'),
(539, 1, 4, 'DjuNze', '9', 0, 14, 3, 8, 10, '2019-04-05 23:55:33', '0000-00-00 00:00:00'),
(538, 1, 3, 'IntFat', '7', 0, 12, 2, 10, 11, '2019-04-05 23:55:33', '0000-00-00 00:00:00'),
(537, 1, 3, 'YouNda', '6', 0, 11, 10, 8, 10, '2019-04-05 23:55:33', '0000-00-00 00:00:00'),
(536, 1, 3, 'TreNdi', '10', 0, 13, 11, 10, 10, '2019-04-05 23:55:33', '0000-00-00 00:00:00'),
(535, 1, 3, 'SudNti', '2', 0, 12, 8, 9, 11, '2019-04-05 23:55:33', '0000-00-00 00:00:00'),
(534, 1, 2, 'EriNdo', '4', 0, 18, 11, 51, 10, '2019-04-05 23:55:33', '0000-00-00 00:00:00'),
(533, 1, 2, 'DavNsh', '5', 0, 14, 15, 11, 12, '2019-04-05 23:55:33', '0000-00-00 00:00:00'),
(532, 1, 2, 'MouSel', '14', 0, 20, 10, 13, 11, '2019-04-05 23:55:33', '0000-00-00 00:00:00'),
(531, 1, 2, 'CedUra', '6', 0, 10, 20, 14, 10, '2019-04-05 23:55:33', '0000-00-00 00:00:00'),
(1, 1, 1, 'JohNah', '1', 10, 0, 0, 0, 9, '2019-04-05 23:55:33', '0000-00-00 00:00:00'),
(466, 22, 2, 'DomCus', '4', 0, 18, 10, 11, 10, '2019-04-05 23:55:33', '0000-00-00 00:00:00'),
(467, 22, 3, 'ManDin', '2', 0, 11, 11, 9, 11, '2019-04-05 23:55:33', '0000-00-00 00:00:00'),
(468, 22, 3, 'DédDéd', '10', 0, 10, 11, 10, 10, '2019-04-05 23:55:33', '0000-00-00 00:00:00'),
(469, 22, 3, 'BarGer', '6', 0, 11, 10, 8, 8, '2019-04-05 23:55:33', '0000-00-00 00:00:00'),
(470, 22, 3, 'GilBer', '7', 0, 11, 2, 10, 12, '2019-04-05 23:55:33', '0000-00-00 00:00:00'),
(471, 22, 4, 'DjaLma', '9', 0, 11, 3, 8, 10, '2019-04-05 23:55:33', '0000-00-00 00:00:00'),
(472, 22, 4, 'WilAfo', '11', 0, 12, 3, 9, 11, '2019-04-05 23:55:33', '0000-00-00 00:00:00'),
(473, 22, 2, 'AmaAma', '7', 0, 10, 4, 8, 10, '2019-04-05 23:55:33', '0000-00-00 00:00:00'),
(474, 22, 2, 'FabMaf', '2', 0, 16, 11, 7, 9, '2019-04-05 23:55:33', '0000-00-00 00:00:00'),
(475, 22, 2, 'AleMas', '22', 0, 10, 5, 11, 11, '2019-04-05 23:55:33', '0000-00-00 00:00:00'),
(476, 22, 1, 'LuiJam', '3', 10, 0, 0, 0, 10, '2019-04-05 23:55:33', '0000-00-00 00:00:00'),
(477, 22, 2, 'FraZue', '20', 0, 11, 10, 11, 0, '2019-04-05 23:55:33', '0000-00-00 00:00:00'),
(478, 22, 2, 'LuiSan', '15', 0, 10, 4, 12, 10, '2019-04-05 23:55:33', '0000-00-00 00:00:00'),
(479, 22, 3, 'GasMan', '2', 0, 16, 11, 10, 10, '2019-04-05 23:55:33', '0000-00-00 00:00:00'),
(480, 22, 3, 'GalMat', '14', 0, 10, 5, 10, 7, '2019-04-05 23:55:33', '0000-00-00 00:00:00'),
(481, 22, 3, 'JosPir', '12', 0, 11, 3, 9, 8, '2019-04-05 23:55:33', '0000-00-00 00:00:00'),
(482, 22, 3, 'MigQui', '20', 0, 11, 10, 9, 12, '2019-04-05 23:55:33', '0000-00-00 00:00:00'),
(483, 22, 1, 'LanMav', '16', 9, 0, 0, 0, 9, '2019-04-05 23:55:33', '0000-00-00 00:00:00'),
(484, 22, 4, 'ManUch', '13', 0, 11, 10, 14, 11, '2019-04-05 23:55:33', '0000-00-00 00:00:00'),
(485, 23, 1, 'AboCam', '1', 10, 0, 0, 0, 9, '2019-04-05 23:55:33', '0000-00-00 00:00:00'),
(486, 23, 2, 'LanCam', '6', 0, 10, 20, 57, 10, '2019-04-05 23:55:33', '0000-00-00 00:00:00'),
(487, 23, 2, 'FodCam', '14', 0, 20, 30, 43, 11, '2019-04-05 23:55:33', '0000-00-00 00:00:00'),
(488, 23, 2, 'AbdCis', '5', 0, 14, 35, 51, 11, '2019-04-05 23:55:33', '0000-00-00 00:00:00'),
(489, 23, 2, 'KevCon', '4', 0, 18, 31, 51, 10, '2019-04-05 23:55:33', '0000-00-00 00:00:00'),
(490, 23, 3, 'BouFof', '2', 0, 32, 42, 9, 11, '2019-04-05 23:55:33', '0000-00-00 00:00:00'),
(491, 23, 3, 'NabKei', '10', 0, 33, 41, 10, 10, '2019-04-05 23:55:33', '0000-00-00 00:00:00'),
(492, 23, 3, 'MicLan', '6', 0, 25, 55, 8, 8, '2019-04-05 23:55:33', '0000-00-00 00:00:00'),
(493, 23, 3, 'SeySou', '7', 0, 42, 2, 10, 9, '2019-04-05 23:55:33', '0000-00-00 00:00:00'),
(494, 23, 4, 'RazCam', '9', 0, 44, 3, 8, 10, '2019-04-05 23:55:33', '0000-00-00 00:00:00'),
(495, 23, 4, 'FranKam', '11', 0, 47, 3, 9, 11, '2019-04-05 23:55:33', '0000-00-00 00:00:00'),
(496, 23, 2, 'IbrCon', '7', 0, 10, 4, 8, 10, '2019-04-05 23:55:33', '0000-00-00 00:00:00'),
(497, 23, 2, 'MohDia', '2', 0, 16, 22, 7, 9, '2019-04-05 23:55:33', '0000-00-00 00:00:00'),
(498, 23, 2, 'DjiPay', '22', 0, 20, 5, 45, 11, '2019-04-05 23:55:33', '0000-00-00 00:00:00'),
(499, 23, 1, 'AziKei', '3', 10, 0, 0, 0, 10, '2019-04-05 23:55:33', '0000-00-00 00:00:00'),
(500, 23, 2, 'FloPog', '20', 0, 12, 10, 11, 9, '2019-04-05 23:55:33', '0000-00-00 00:00:00'),
(501, 23, 2, 'BaiSan', '15', 0, 12, 4, 11, 8, '2019-04-05 23:55:33', '0000-00-00 00:00:00'),
(502, 23, 2, 'IssSyl', '2', 0, 16, 14, 10, 10, '2019-04-05 23:55:33', '0000-00-00 00:00:00'),
(503, 23, 2, 'KamZay', '14', 0, 13, 5, 10, 11, '2019-04-05 23:55:33', '0000-00-00 00:00:00'),
(504, 23, 3, 'IbrTra', '12', 0, 11, 3, 9, 9, '2019-04-05 23:55:33', '0000-00-00 00:00:00'),
(505, 23, 4, 'IdrSyl', '20', 0, 12, 10, 9, 8, '2019-04-05 23:55:33', '0000-00-00 00:00:00'),
(506, 23, 1, 'NabYat', '16', 9, 0, 0, 0, 9, '2019-04-05 23:55:33', '0000-00-00 00:00:00'),
(507, 23, 4, 'MohYat', '13', 0, 13, 10, 14, 11, '2019-04-05 23:55:33', '0000-00-00 00:00:00'),
(508, 24, 1, 'ValAmo', '1', 10, 0, 0, 0, 9, '2019-04-05 23:55:33', '0000-00-00 00:00:00'),
(509, 24, 2, 'KhaAde', '6', 0, 10, 11, 11, 10, '2019-04-05 23:55:33', '0000-00-00 00:00:00'),
(510, 24, 2, 'MouAdo', '14', 0, 20, 11, 11, 11, '2019-04-05 23:55:33', '0000-00-00 00:00:00'),
(511, 24, 2, 'KomAka', '5', 0, 14, 12, 12, 11, '2019-04-05 23:55:33', '0000-00-00 00:00:00'),
(512, 24, 2, 'DamChr', '4', 0, 18, 11, 11, 10, '2019-04-05 23:55:33', '0000-00-00 00:00:00'),
(513, 24, 3, 'GerAda', '2', 0, 10, 10, 9, 11, '2019-04-05 23:55:33', '0000-00-00 00:00:00'),
(514, 24, 3, 'JocAho', '10', 0, 11, 12, 10, 10, '2019-04-05 23:55:33', '0000-00-00 00:00:00'),
(515, 24, 3, 'PasAng', '6', 0, 11, 12, 8, 8, '2019-04-05 23:55:33', '0000-00-00 00:00:00'),
(516, 24, 3, 'RomBoc', '7', 0, 12, 2, 10, 9, '2019-04-05 23:55:33', '0000-00-00 00:00:00'),
(517, 24, 4, 'MicPot', '9', 0, 11, 3, 8, 10, '2019-04-05 23:55:33', '0000-00-00 00:00:00'),
(518, 24, 4, 'DemKab', '11', 0, 10, 3, 9, 11, '2019-04-05 23:55:33', '0000-00-00 00:00:00'),
(519, 24, 2, 'EmmImo', '7', 0, 10, 4, 8, 10, '2019-04-05 23:55:33', '0000-00-00 00:00:00'),
(520, 24, 2, 'RedJoh', '2', 0, 16, 11, 7, 9, '2019-04-05 23:55:33', '0000-00-00 00:00:00'),
(521, 24, 2, 'JunSal', '22', 0, 10, 5, 11, 11, '2019-04-05 23:55:33', '0000-00-00 00:00:00'),
(522, 24, 10, 'RacChi', '3', 10, 0, 0, 0, 10, '2019-04-05 23:55:33', '0000-00-00 00:00:00'),
(523, 24, 2, 'FelSin', '20', 0, 11, 10, 11, 7, '2019-04-05 23:55:33', '0000-00-00 00:00:00'),
(524, 24, 3, 'NouKob', '15', 0, 11, 4, 11, 8, '2019-04-05 23:55:33', '0000-00-00 00:00:00'),
(525, 24, 3, 'MouOgu', '2', 0, 16, 10, 10, 9, '2019-04-05 23:55:33', '0000-00-00 00:00:00'),
(526, 24, 3, 'ArnSek', '14', 0, 11, 5, 10, 10, '2019-04-05 23:55:33', '0000-00-00 00:00:00');
INSERT INTO `t_player` (`PLY_ID`, `TEAM_ID`, `LINE_ID`, `PLY_NAME`, `PLY_NBR`, `PLY_GKP_VAL`, `PLY_DEF_VAL`, `PLY_MID_VAL`, `PLY_ATT_VAL`, `PLY_VAL`, `created_at`, `updated_at`) VALUES
(527, 24, 3, 'SteSes', '12', 0, 11, 3, 9, 8, '2019-04-05 23:55:33', '0000-00-00 00:00:00'),
(528, 24, 3, 'SeiTch', '20', 0, 11, 10, 9, 9, '2019-04-05 23:55:33', '0000-00-00 00:00:00'),
(529, 24, 4, 'RazOmo', '16', 9, 0, 0, 0, 9, '2019-04-05 23:55:33', '0000-00-00 00:00:00'),
(530, 24, 4, 'MohAou', '13', 0, 11, 10, 14, 11, '2019-04-05 23:55:33', '0000-00-00 00:00:00');

-- --------------------------------------------------------

--
-- Structure de la table `t_player_line`
--

DROP TABLE IF EXISTS `t_player_line`;
CREATE TABLE IF NOT EXISTS `t_player_line` (
  `LINE_ID` int(10) UNSIGNED NOT NULL AUTO_INCREMENT,
  `LINE_CODE` varchar(191) COLLATE utf8mb4_unicode_ci NOT NULL,
  `created_at` timestamp NOT NULL DEFAULT CURRENT_TIMESTAMP,
  `updated_at` timestamp NOT NULL DEFAULT '0000-00-00 00:00:00',
  PRIMARY KEY (`LINE_ID`)
) ENGINE=MyISAM AUTO_INCREMENT=5 DEFAULT CHARSET=utf8mb4 COLLATE=utf8mb4_unicode_ci;

--
-- Déchargement des données de la table `t_player_line`
--

INSERT INTO `t_player_line` (`LINE_ID`, `LINE_CODE`, `created_at`, `updated_at`) VALUES
(1, 'GKP', '2019-04-05 23:55:33', '0000-00-00 00:00:00'),
(2, 'DEF', '2019-04-05 23:55:33', '0000-00-00 00:00:00'),
(3, 'MID', '2019-04-05 23:55:33', '0000-00-00 00:00:00'),
(4, 'ATT', '2019-04-05 23:55:33', '0000-00-00 00:00:00');

-- --------------------------------------------------------

--
-- Structure de la table `t_player_sta`
--

DROP TABLE IF EXISTS `t_player_sta`;
CREATE TABLE IF NOT EXISTS `t_player_sta` (
  `PLY_ID_STA` int(10) UNSIGNED NOT NULL AUTO_INCREMENT,
  `PLY_ID` int(10) UNSIGNED NOT NULL,
  `PLY_TIT` int(11) NOT NULL,
  `PLY_SUB` int(11) NOT NULL,
  `PLY_SHP` int(11) NOT NULL,
  `PLY_INJ` int(11) NOT NULL,
  `PLY_STA` int(11) NOT NULL,
  `PLY_CRD` int(11) NOT NULL,
  `PLY_DSQ` int(11) NOT NULL,
  `PLY_SCO` int(11) NOT NULL,
  `PLY_ASS` int(11) NOT NULL,
  `created_at` timestamp NOT NULL DEFAULT CURRENT_TIMESTAMP,
  `updated_at` timestamp NOT NULL DEFAULT '0000-00-00 00:00:00',
  PRIMARY KEY (`PLY_ID_STA`),
  KEY `t_player_sta_ply_id_foreign` (`PLY_ID`)
) ENGINE=MyISAM AUTO_INCREMENT=553 DEFAULT CHARSET=utf8mb4 COLLATE=utf8mb4_unicode_ci;

--
-- Déchargement des données de la table `t_player_sta`
--

INSERT INTO `t_player_sta` (`PLY_ID_STA`, `PLY_ID`, `PLY_TIT`, `PLY_SUB`, `PLY_SHP`, `PLY_INJ`, `PLY_STA`, `PLY_CRD`, `PLY_DSQ`, `PLY_SCO`, `PLY_ASS`, `created_at`, `updated_at`) VALUES
(1, 1, 0, 0, 50, 0, 0, 0, 0, 0, 0, '2019-04-05 23:55:33', '0000-00-00 00:00:00'),
(2, 2, 0, 0, 50, 0, 0, 0, 0, 0, 0, '2019-04-05 23:55:33', '0000-00-00 00:00:00'),
(3, 3, 0, 0, 50, 0, 0, 0, 0, 0, 0, '2019-04-05 23:55:33', '0000-00-00 00:00:00'),
(4, 4, 0, 0, 50, 0, 0, 0, 0, 0, 0, '2019-04-05 23:55:33', '0000-00-00 00:00:00'),
(5, 5, 0, 0, 50, 0, 0, 0, 0, 0, 0, '2019-04-05 23:55:33', '0000-00-00 00:00:00'),
(6, 6, 0, 0, 50, 0, 0, 0, 0, 0, 0, '2019-04-05 23:55:33', '0000-00-00 00:00:00'),
(7, 7, 0, 0, 50, 0, 0, 0, 0, 0, 0, '2019-04-05 23:55:33', '0000-00-00 00:00:00'),
(8, 8, 0, 0, 50, 0, 0, 0, 0, 0, 0, '2019-04-05 23:55:33', '0000-00-00 00:00:00'),
(9, 9, 0, 0, 50, 0, 0, 0, 0, 0, 0, '2019-04-05 23:55:33', '0000-00-00 00:00:00'),
(10, 10, 0, 0, 50, 0, 0, 0, 0, 0, 0, '2019-04-05 23:55:33', '0000-00-00 00:00:00'),
(11, 11, 0, 0, 50, 0, 0, 0, 0, 0, 0, '2019-04-05 23:55:33', '0000-00-00 00:00:00'),
(12, 12, 0, 0, 50, 0, 0, 0, 0, 0, 0, '2019-04-05 23:55:33', '0000-00-00 00:00:00'),
(13, 13, 0, 0, 50, 0, 0, 0, 0, 0, 0, '2019-04-05 23:55:33', '0000-00-00 00:00:00'),
(14, 14, 0, 0, 50, 0, 0, 0, 0, 0, 0, '2019-04-05 23:55:33', '0000-00-00 00:00:00'),
(15, 15, 0, 0, 50, 0, 0, 0, 0, 0, 0, '2019-04-05 23:55:33', '0000-00-00 00:00:00'),
(16, 16, 0, 0, 50, 0, 0, 0, 0, 0, 0, '2019-04-05 23:55:33', '0000-00-00 00:00:00'),
(17, 17, 0, 0, 50, 0, 0, 0, 0, 0, 0, '2019-04-05 23:55:33', '0000-00-00 00:00:00'),
(18, 18, 0, 0, 50, 0, 0, 0, 0, 0, 0, '2019-04-05 23:55:33', '0000-00-00 00:00:00'),
(19, 19, 0, 0, 50, 0, 0, 0, 0, 0, 0, '2019-04-05 23:55:33', '0000-00-00 00:00:00'),
(20, 20, 0, 0, 50, 0, 0, 0, 0, 0, 0, '2019-04-05 23:55:33', '0000-00-00 00:00:00'),
(21, 21, 0, 0, 50, 0, 0, 0, 0, 0, 0, '2019-04-05 23:55:33', '0000-00-00 00:00:00'),
(22, 22, 0, 0, 50, 0, 0, 0, 0, 0, 0, '2019-04-05 23:55:33', '0000-00-00 00:00:00'),
(23, 23, 0, 0, 50, 0, 0, 0, 0, 0, 0, '2019-04-05 23:55:33', '0000-00-00 00:00:00'),
(24, 24, 0, 0, 50, 0, 0, 0, 0, 0, 0, '2019-04-05 23:55:33', '0000-00-00 00:00:00'),
(25, 25, 0, 0, 50, 0, 0, 0, 0, 0, 0, '2019-04-05 23:55:33', '0000-00-00 00:00:00'),
(26, 26, 0, 0, 50, 0, 0, 0, 0, 0, 0, '2019-04-05 23:55:33', '0000-00-00 00:00:00'),
(27, 27, 0, 0, 50, 0, 0, 0, 0, 0, 0, '2019-04-05 23:55:33', '0000-00-00 00:00:00'),
(28, 28, 0, 0, 50, 0, 0, 0, 0, 0, 0, '2019-04-05 23:55:33', '0000-00-00 00:00:00'),
(29, 29, 0, 0, 50, 0, 0, 0, 0, 0, 0, '2019-04-05 23:55:33', '0000-00-00 00:00:00'),
(30, 30, 0, 0, 50, 0, 0, 0, 0, 0, 0, '2019-04-05 23:55:33', '0000-00-00 00:00:00'),
(31, 31, 0, 0, 50, 0, 0, 0, 0, 0, 0, '2019-04-05 23:55:33', '0000-00-00 00:00:00'),
(32, 32, 0, 0, 50, 0, 0, 0, 0, 0, 0, '2019-04-05 23:55:33', '0000-00-00 00:00:00'),
(33, 33, 0, 0, 50, 0, 0, 0, 0, 0, 0, '2019-04-05 23:55:33', '0000-00-00 00:00:00'),
(34, 34, 0, 0, 50, 0, 0, 0, 0, 0, 0, '2019-04-05 23:55:33', '0000-00-00 00:00:00'),
(35, 35, 0, 0, 50, 0, 0, 0, 0, 0, 0, '2019-04-05 23:55:33', '0000-00-00 00:00:00'),
(36, 36, 0, 0, 50, 0, 0, 0, 0, 0, 0, '2019-04-05 23:55:33', '0000-00-00 00:00:00'),
(37, 37, 0, 0, 50, 0, 0, 0, 0, 0, 0, '2019-04-05 23:55:33', '0000-00-00 00:00:00'),
(38, 38, 0, 0, 50, 0, 0, 0, 0, 0, 0, '2019-04-05 23:55:33', '0000-00-00 00:00:00'),
(39, 39, 0, 0, 50, 0, 0, 0, 0, 0, 0, '2019-04-05 23:55:33', '0000-00-00 00:00:00'),
(40, 40, 0, 0, 50, 0, 0, 0, 0, 0, 0, '2019-04-05 23:55:33', '0000-00-00 00:00:00'),
(41, 41, 0, 0, 50, 0, 0, 0, 0, 0, 0, '2019-04-05 23:55:33', '0000-00-00 00:00:00'),
(42, 42, 0, 0, 50, 0, 0, 0, 0, 0, 0, '2019-04-05 23:55:33', '0000-00-00 00:00:00'),
(43, 43, 0, 0, 50, 0, 0, 0, 0, 0, 0, '2019-04-05 23:55:33', '0000-00-00 00:00:00'),
(44, 44, 0, 0, 50, 0, 0, 0, 0, 0, 0, '2019-04-05 23:55:33', '0000-00-00 00:00:00'),
(45, 45, 0, 0, 50, 0, 0, 0, 0, 0, 0, '2019-04-05 23:55:33', '0000-00-00 00:00:00'),
(46, 46, 0, 0, 50, 0, 0, 0, 0, 0, 0, '2019-04-05 23:55:33', '0000-00-00 00:00:00'),
(47, 47, 0, 0, 50, 0, 0, 0, 0, 0, 0, '2019-04-05 23:55:33', '0000-00-00 00:00:00'),
(48, 48, 0, 0, 50, 0, 0, 0, 0, 0, 0, '2019-04-05 23:55:33', '0000-00-00 00:00:00'),
(49, 49, 0, 0, 50, 0, 0, 0, 0, 0, 0, '2019-04-05 23:55:33', '0000-00-00 00:00:00'),
(50, 50, 0, 0, 50, 0, 0, 0, 0, 0, 0, '2019-04-05 23:55:33', '0000-00-00 00:00:00'),
(51, 51, 0, 0, 50, 0, 0, 0, 0, 0, 0, '2019-04-05 23:55:33', '0000-00-00 00:00:00'),
(52, 52, 0, 0, 50, 0, 0, 0, 0, 0, 0, '2019-04-05 23:55:33', '0000-00-00 00:00:00'),
(53, 53, 0, 0, 50, 0, 0, 0, 0, 0, 0, '2019-04-05 23:55:33', '0000-00-00 00:00:00'),
(54, 54, 0, 0, 50, 0, 0, 0, 0, 0, 0, '2019-04-05 23:55:33', '0000-00-00 00:00:00'),
(55, 55, 0, 0, 50, 0, 0, 0, 0, 0, 0, '2019-04-05 23:55:33', '0000-00-00 00:00:00'),
(56, 56, 0, 0, 50, 0, 0, 0, 0, 0, 0, '2019-04-05 23:55:33', '0000-00-00 00:00:00'),
(57, 57, 0, 0, 50, 0, 0, 0, 0, 0, 0, '2019-04-05 23:55:33', '0000-00-00 00:00:00'),
(58, 58, 0, 0, 50, 0, 0, 0, 0, 0, 0, '2019-04-05 23:55:33', '0000-00-00 00:00:00'),
(59, 59, 0, 0, 50, 0, 0, 0, 0, 0, 0, '2019-04-05 23:55:33', '0000-00-00 00:00:00'),
(60, 60, 0, 0, 50, 0, 0, 0, 0, 0, 0, '2019-04-05 23:55:33', '0000-00-00 00:00:00'),
(61, 61, 0, 0, 50, 0, 0, 0, 0, 0, 0, '2019-04-05 23:55:33', '0000-00-00 00:00:00'),
(62, 62, 0, 0, 50, 0, 0, 0, 0, 0, 0, '2019-04-05 23:55:33', '0000-00-00 00:00:00'),
(63, 63, 0, 0, 50, 0, 0, 0, 0, 0, 0, '2019-04-05 23:55:33', '0000-00-00 00:00:00'),
(64, 64, 0, 0, 50, 0, 0, 0, 0, 0, 0, '2019-04-05 23:55:33', '0000-00-00 00:00:00'),
(65, 65, 0, 0, 50, 0, 0, 0, 0, 0, 0, '2019-04-05 23:55:33', '0000-00-00 00:00:00'),
(66, 66, 0, 0, 50, 0, 0, 0, 0, 0, 0, '2019-04-05 23:55:33', '0000-00-00 00:00:00'),
(67, 67, 0, 0, 50, 0, 0, 0, 0, 0, 0, '2019-04-05 23:55:33', '0000-00-00 00:00:00'),
(68, 68, 0, 0, 50, 0, 0, 0, 0, 0, 0, '2019-04-05 23:55:33', '0000-00-00 00:00:00'),
(69, 69, 0, 0, 50, 0, 0, 0, 0, 0, 0, '2019-04-05 23:55:33', '0000-00-00 00:00:00'),
(70, 70, 0, 0, 50, 0, 0, 0, 0, 0, 0, '2019-04-05 23:55:33', '0000-00-00 00:00:00'),
(71, 71, 0, 0, 50, 0, 0, 0, 0, 0, 0, '2019-04-05 23:55:33', '0000-00-00 00:00:00'),
(72, 72, 0, 0, 50, 0, 0, 0, 0, 0, 0, '2019-04-05 23:55:33', '0000-00-00 00:00:00'),
(73, 73, 0, 0, 50, 0, 0, 0, 0, 0, 0, '2019-04-05 23:55:33', '0000-00-00 00:00:00'),
(74, 74, 0, 0, 50, 0, 0, 0, 0, 0, 0, '2019-04-05 23:55:33', '0000-00-00 00:00:00'),
(75, 75, 0, 0, 50, 0, 0, 0, 0, 0, 0, '2019-04-05 23:55:33', '0000-00-00 00:00:00'),
(76, 76, 0, 0, 50, 0, 0, 0, 0, 0, 0, '2019-04-05 23:55:33', '0000-00-00 00:00:00'),
(77, 77, 0, 0, 50, 0, 0, 0, 0, 0, 0, '2019-04-05 23:55:33', '0000-00-00 00:00:00'),
(78, 78, 0, 0, 50, 0, 0, 0, 0, 0, 0, '2019-04-05 23:55:33', '0000-00-00 00:00:00'),
(79, 79, 0, 0, 50, 0, 0, 0, 0, 0, 0, '2019-04-05 23:55:33', '0000-00-00 00:00:00'),
(80, 80, 0, 0, 50, 0, 0, 0, 0, 0, 0, '2019-04-05 23:55:33', '0000-00-00 00:00:00'),
(81, 81, 0, 0, 50, 0, 0, 0, 0, 0, 0, '2019-04-05 23:55:33', '0000-00-00 00:00:00'),
(82, 82, 0, 0, 50, 0, 0, 0, 0, 0, 0, '2019-04-05 23:55:33', '0000-00-00 00:00:00'),
(83, 83, 0, 0, 50, 0, 0, 0, 0, 0, 0, '2019-04-05 23:55:33', '0000-00-00 00:00:00'),
(84, 84, 0, 0, 50, 0, 0, 0, 0, 0, 0, '2019-04-05 23:55:33', '0000-00-00 00:00:00'),
(85, 85, 0, 0, 50, 0, 0, 0, 0, 0, 0, '2019-04-05 23:55:33', '0000-00-00 00:00:00'),
(86, 86, 0, 0, 50, 0, 0, 0, 0, 0, 0, '2019-04-05 23:55:33', '0000-00-00 00:00:00'),
(87, 87, 0, 0, 50, 0, 0, 0, 0, 0, 0, '2019-04-05 23:55:33', '0000-00-00 00:00:00'),
(88, 88, 0, 0, 50, 0, 0, 0, 0, 0, 0, '2019-04-05 23:55:33', '0000-00-00 00:00:00'),
(89, 89, 0, 0, 50, 0, 0, 0, 0, 0, 0, '2019-04-05 23:55:33', '0000-00-00 00:00:00'),
(90, 90, 0, 0, 50, 0, 0, 0, 0, 0, 0, '2019-04-05 23:55:33', '0000-00-00 00:00:00'),
(91, 91, 0, 0, 50, 0, 0, 0, 0, 0, 0, '2019-04-05 23:55:33', '0000-00-00 00:00:00'),
(92, 92, 0, 0, 50, 0, 0, 0, 0, 0, 0, '2019-04-05 23:55:33', '0000-00-00 00:00:00'),
(93, 93, 0, 0, 50, 0, 0, 0, 0, 0, 0, '2019-04-05 23:55:33', '0000-00-00 00:00:00'),
(94, 94, 0, 0, 50, 0, 0, 0, 0, 0, 0, '2019-04-05 23:55:33', '0000-00-00 00:00:00'),
(95, 95, 0, 0, 50, 0, 0, 0, 0, 0, 0, '2019-04-05 23:55:33', '0000-00-00 00:00:00'),
(96, 96, 0, 0, 50, 0, 0, 0, 0, 0, 0, '2019-04-05 23:55:33', '0000-00-00 00:00:00'),
(97, 97, 0, 0, 50, 0, 0, 0, 0, 0, 0, '2019-04-05 23:55:33', '0000-00-00 00:00:00'),
(98, 98, 0, 0, 50, 0, 0, 0, 0, 0, 0, '2019-04-05 23:55:33', '0000-00-00 00:00:00'),
(99, 99, 0, 0, 50, 0, 0, 0, 0, 0, 0, '2019-04-05 23:55:33', '0000-00-00 00:00:00'),
(100, 100, 0, 0, 50, 0, 0, 0, 0, 0, 0, '2019-04-05 23:55:33', '0000-00-00 00:00:00'),
(101, 101, 0, 0, 50, 0, 0, 0, 0, 0, 0, '2019-04-05 23:55:33', '0000-00-00 00:00:00'),
(102, 102, 0, 0, 50, 0, 0, 0, 0, 0, 0, '2019-04-05 23:55:33', '0000-00-00 00:00:00'),
(103, 103, 0, 0, 50, 0, 0, 0, 0, 0, 0, '2019-04-05 23:55:33', '0000-00-00 00:00:00'),
(104, 104, 0, 0, 50, 0, 0, 0, 0, 0, 0, '2019-04-05 23:55:33', '0000-00-00 00:00:00'),
(105, 105, 0, 0, 50, 0, 0, 0, 0, 0, 0, '2019-04-05 23:55:33', '0000-00-00 00:00:00'),
(106, 106, 0, 0, 50, 0, 0, 0, 0, 0, 0, '2019-04-05 23:55:33', '0000-00-00 00:00:00'),
(107, 107, 0, 0, 50, 0, 0, 0, 0, 0, 0, '2019-04-05 23:55:33', '0000-00-00 00:00:00'),
(108, 108, 0, 0, 50, 0, 0, 0, 0, 0, 0, '2019-04-05 23:55:33', '0000-00-00 00:00:00'),
(109, 109, 0, 0, 50, 0, 0, 0, 0, 0, 0, '2019-04-05 23:55:33', '0000-00-00 00:00:00'),
(110, 110, 0, 0, 50, 0, 0, 0, 0, 0, 0, '2019-04-05 23:55:33', '0000-00-00 00:00:00'),
(111, 111, 0, 0, 50, 0, 0, 0, 0, 0, 0, '2019-04-05 23:55:33', '0000-00-00 00:00:00'),
(112, 112, 0, 0, 50, 0, 0, 0, 0, 0, 0, '2019-04-05 23:55:33', '0000-00-00 00:00:00'),
(113, 113, 0, 0, 50, 0, 0, 0, 0, 0, 0, '2019-04-05 23:55:33', '0000-00-00 00:00:00'),
(114, 114, 0, 0, 50, 0, 0, 0, 0, 0, 0, '2019-04-05 23:55:33', '0000-00-00 00:00:00'),
(115, 115, 0, 0, 50, 0, 0, 0, 0, 0, 0, '2019-04-05 23:55:33', '0000-00-00 00:00:00'),
(116, 116, 0, 0, 50, 0, 0, 0, 0, 0, 0, '2019-04-05 23:55:33', '0000-00-00 00:00:00'),
(117, 117, 0, 0, 50, 0, 0, 0, 0, 0, 0, '2019-04-05 23:55:33', '0000-00-00 00:00:00'),
(118, 118, 0, 0, 50, 0, 0, 0, 0, 0, 0, '2019-04-05 23:55:33', '0000-00-00 00:00:00'),
(119, 119, 0, 0, 50, 0, 0, 0, 0, 0, 0, '2019-04-05 23:55:33', '0000-00-00 00:00:00'),
(120, 120, 0, 0, 50, 0, 0, 0, 0, 0, 0, '2019-04-05 23:55:33', '0000-00-00 00:00:00'),
(121, 121, 0, 0, 50, 0, 0, 0, 0, 0, 0, '2019-04-05 23:55:33', '0000-00-00 00:00:00'),
(122, 122, 0, 0, 50, 0, 0, 0, 0, 0, 0, '2019-04-05 23:55:33', '0000-00-00 00:00:00'),
(123, 123, 0, 0, 50, 0, 0, 0, 0, 0, 0, '2019-04-05 23:55:33', '0000-00-00 00:00:00'),
(124, 124, 0, 0, 50, 0, 0, 0, 0, 0, 0, '2019-04-05 23:55:33', '0000-00-00 00:00:00'),
(125, 125, 0, 0, 50, 0, 0, 0, 0, 0, 0, '2019-04-05 23:55:33', '0000-00-00 00:00:00'),
(126, 126, 0, 0, 50, 0, 0, 0, 0, 0, 0, '2019-04-05 23:55:33', '0000-00-00 00:00:00'),
(127, 127, 0, 0, 50, 0, 0, 0, 0, 0, 0, '2019-04-05 23:55:33', '0000-00-00 00:00:00'),
(128, 128, 0, 0, 50, 0, 0, 0, 0, 0, 0, '2019-04-05 23:55:33', '0000-00-00 00:00:00'),
(129, 129, 0, 0, 50, 0, 0, 0, 0, 0, 0, '2019-04-05 23:55:33', '0000-00-00 00:00:00'),
(130, 130, 0, 0, 50, 0, 0, 0, 0, 0, 0, '2019-04-05 23:55:33', '0000-00-00 00:00:00'),
(131, 131, 0, 0, 50, 0, 0, 0, 0, 0, 0, '2019-04-05 23:55:33', '0000-00-00 00:00:00'),
(132, 132, 0, 0, 50, 0, 0, 0, 0, 0, 0, '2019-04-05 23:55:33', '0000-00-00 00:00:00'),
(133, 133, 0, 0, 50, 0, 0, 0, 0, 0, 0, '2019-04-05 23:55:33', '0000-00-00 00:00:00'),
(134, 134, 0, 0, 50, 0, 0, 0, 0, 0, 0, '2019-04-05 23:55:33', '0000-00-00 00:00:00'),
(135, 135, 0, 0, 50, 0, 0, 0, 0, 0, 0, '2019-04-05 23:55:33', '0000-00-00 00:00:00'),
(136, 136, 0, 0, 50, 0, 0, 0, 0, 0, 0, '2019-04-05 23:55:33', '0000-00-00 00:00:00'),
(137, 137, 0, 0, 50, 0, 0, 0, 0, 0, 0, '2019-04-05 23:55:33', '0000-00-00 00:00:00'),
(138, 138, 0, 0, 50, 0, 0, 0, 0, 0, 0, '2019-04-05 23:55:33', '0000-00-00 00:00:00'),
(139, 139, 0, 0, 50, 0, 0, 0, 0, 0, 0, '2019-04-05 23:55:33', '0000-00-00 00:00:00'),
(140, 140, 0, 0, 50, 0, 0, 0, 0, 0, 0, '2019-04-05 23:55:33', '0000-00-00 00:00:00'),
(141, 141, 0, 0, 50, 0, 0, 0, 0, 0, 0, '2019-04-05 23:55:33', '0000-00-00 00:00:00'),
(142, 142, 0, 0, 50, 0, 0, 0, 0, 0, 0, '2019-04-05 23:55:33', '0000-00-00 00:00:00'),
(143, 143, 0, 0, 50, 0, 0, 0, 0, 0, 0, '2019-04-05 23:55:33', '0000-00-00 00:00:00'),
(144, 144, 0, 0, 50, 0, 0, 0, 0, 0, 0, '2019-04-05 23:55:33', '0000-00-00 00:00:00'),
(145, 145, 0, 0, 50, 0, 0, 0, 0, 0, 0, '2019-04-05 23:55:33', '0000-00-00 00:00:00'),
(146, 146, 0, 0, 50, 0, 0, 0, 0, 0, 0, '2019-04-05 23:55:33', '0000-00-00 00:00:00'),
(147, 147, 0, 0, 50, 0, 0, 0, 0, 0, 0, '2019-04-05 23:55:33', '0000-00-00 00:00:00'),
(148, 148, 0, 0, 50, 0, 0, 0, 0, 0, 0, '2019-04-05 23:55:33', '0000-00-00 00:00:00'),
(149, 149, 0, 0, 50, 0, 0, 0, 0, 0, 0, '2019-04-05 23:55:33', '0000-00-00 00:00:00'),
(150, 150, 0, 0, 50, 0, 0, 0, 0, 0, 0, '2019-04-05 23:55:33', '0000-00-00 00:00:00'),
(151, 151, 0, 0, 50, 0, 0, 0, 0, 0, 0, '2019-04-05 23:55:33', '0000-00-00 00:00:00'),
(152, 152, 0, 0, 50, 0, 0, 0, 0, 0, 0, '2019-04-05 23:55:33', '0000-00-00 00:00:00'),
(153, 153, 0, 0, 50, 0, 0, 0, 0, 0, 0, '2019-04-05 23:55:33', '0000-00-00 00:00:00'),
(154, 154, 0, 0, 50, 0, 0, 0, 0, 0, 0, '2019-04-05 23:55:33', '0000-00-00 00:00:00'),
(155, 155, 0, 0, 50, 0, 0, 0, 0, 0, 0, '2019-04-05 23:55:33', '0000-00-00 00:00:00'),
(156, 156, 0, 0, 50, 0, 0, 0, 0, 0, 0, '2019-04-05 23:55:33', '0000-00-00 00:00:00'),
(157, 157, 0, 0, 50, 0, 0, 0, 0, 0, 0, '2019-04-05 23:55:33', '0000-00-00 00:00:00'),
(158, 158, 0, 0, 50, 0, 0, 0, 0, 0, 0, '2019-04-05 23:55:33', '0000-00-00 00:00:00'),
(159, 159, 0, 0, 50, 0, 0, 0, 0, 0, 0, '2019-04-05 23:55:33', '0000-00-00 00:00:00'),
(160, 160, 0, 0, 50, 0, 0, 0, 0, 0, 0, '2019-04-05 23:55:33', '0000-00-00 00:00:00'),
(161, 161, 0, 0, 50, 0, 0, 0, 0, 0, 0, '2019-04-05 23:55:33', '0000-00-00 00:00:00'),
(162, 162, 0, 0, 50, 0, 0, 0, 0, 0, 0, '2019-04-05 23:55:33', '0000-00-00 00:00:00'),
(163, 163, 0, 0, 50, 0, 0, 0, 0, 0, 0, '2019-04-05 23:55:33', '0000-00-00 00:00:00'),
(164, 164, 0, 0, 50, 0, 0, 0, 0, 0, 0, '2019-04-05 23:55:33', '0000-00-00 00:00:00'),
(165, 165, 0, 0, 50, 0, 0, 0, 0, 0, 0, '2019-04-05 23:55:33', '0000-00-00 00:00:00'),
(166, 166, 0, 0, 50, 0, 0, 0, 0, 0, 0, '2019-04-05 23:55:33', '0000-00-00 00:00:00'),
(167, 167, 0, 0, 50, 0, 0, 0, 0, 0, 0, '2019-04-05 23:55:33', '0000-00-00 00:00:00'),
(168, 168, 0, 0, 50, 0, 0, 0, 0, 0, 0, '2019-04-05 23:55:33', '0000-00-00 00:00:00'),
(169, 169, 0, 0, 50, 0, 0, 0, 0, 0, 0, '2019-04-05 23:55:33', '0000-00-00 00:00:00'),
(170, 170, 0, 0, 50, 0, 0, 0, 0, 0, 0, '2019-04-05 23:55:33', '0000-00-00 00:00:00'),
(171, 171, 0, 0, 50, 0, 0, 0, 0, 0, 0, '2019-04-05 23:55:33', '0000-00-00 00:00:00'),
(172, 172, 0, 0, 50, 0, 0, 0, 0, 0, 0, '2019-04-05 23:55:33', '0000-00-00 00:00:00'),
(173, 173, 0, 0, 50, 0, 0, 0, 0, 0, 0, '2019-04-05 23:55:33', '0000-00-00 00:00:00'),
(174, 174, 0, 0, 50, 0, 0, 0, 0, 0, 0, '2019-04-05 23:55:33', '0000-00-00 00:00:00'),
(175, 175, 0, 0, 50, 0, 0, 0, 0, 0, 0, '2019-04-05 23:55:33', '0000-00-00 00:00:00'),
(176, 176, 0, 0, 50, 0, 0, 0, 0, 0, 0, '2019-04-05 23:55:33', '0000-00-00 00:00:00'),
(177, 177, 0, 0, 50, 0, 0, 0, 0, 0, 0, '2019-04-05 23:55:33', '0000-00-00 00:00:00'),
(178, 178, 0, 0, 50, 0, 0, 0, 0, 0, 0, '2019-04-05 23:55:33', '0000-00-00 00:00:00'),
(179, 179, 0, 0, 50, 0, 0, 0, 0, 0, 0, '2019-04-05 23:55:33', '0000-00-00 00:00:00'),
(180, 180, 0, 0, 50, 0, 0, 0, 0, 0, 0, '2019-04-05 23:55:33', '0000-00-00 00:00:00'),
(181, 181, 0, 0, 50, 0, 0, 0, 0, 0, 0, '2019-04-05 23:55:33', '0000-00-00 00:00:00'),
(182, 182, 0, 0, 50, 0, 0, 0, 0, 0, 0, '2019-04-05 23:55:33', '0000-00-00 00:00:00'),
(183, 183, 0, 0, 50, 0, 0, 0, 0, 0, 0, '2019-04-05 23:55:33', '0000-00-00 00:00:00'),
(184, 184, 0, 0, 50, 0, 0, 0, 0, 0, 0, '2019-04-05 23:55:33', '0000-00-00 00:00:00'),
(185, 185, 0, 0, 50, 0, 0, 0, 0, 0, 0, '2019-04-05 23:55:33', '0000-00-00 00:00:00'),
(186, 186, 0, 0, 50, 0, 0, 0, 0, 0, 0, '2019-04-05 23:55:33', '0000-00-00 00:00:00'),
(187, 187, 0, 0, 50, 0, 0, 0, 0, 0, 0, '2019-04-05 23:55:33', '0000-00-00 00:00:00'),
(188, 188, 0, 0, 50, 0, 0, 0, 0, 0, 0, '2019-04-05 23:55:33', '0000-00-00 00:00:00'),
(189, 189, 0, 0, 50, 0, 0, 0, 0, 0, 0, '2019-04-05 23:55:33', '0000-00-00 00:00:00'),
(190, 190, 0, 0, 50, 0, 0, 0, 0, 0, 0, '2019-04-05 23:55:33', '0000-00-00 00:00:00'),
(191, 191, 0, 0, 50, 0, 0, 0, 0, 0, 0, '2019-04-05 23:55:33', '0000-00-00 00:00:00'),
(192, 192, 0, 0, 50, 0, 0, 0, 0, 0, 0, '2019-04-05 23:55:33', '0000-00-00 00:00:00'),
(193, 193, 0, 0, 50, 0, 0, 0, 0, 0, 0, '2019-04-05 23:55:33', '0000-00-00 00:00:00'),
(194, 194, 0, 0, 50, 0, 0, 0, 0, 0, 0, '2019-04-05 23:55:33', '0000-00-00 00:00:00'),
(195, 195, 0, 0, 50, 0, 0, 0, 0, 0, 0, '2019-04-05 23:55:33', '0000-00-00 00:00:00'),
(196, 196, 0, 0, 50, 0, 0, 0, 0, 0, 0, '2019-04-05 23:55:33', '0000-00-00 00:00:00'),
(197, 197, 0, 0, 50, 0, 0, 0, 0, 0, 0, '2019-04-05 23:55:33', '0000-00-00 00:00:00'),
(198, 198, 0, 0, 50, 0, 0, 0, 0, 0, 0, '2019-04-05 23:55:33', '0000-00-00 00:00:00'),
(199, 199, 0, 0, 50, 0, 0, 0, 0, 0, 0, '2019-04-05 23:55:33', '0000-00-00 00:00:00'),
(200, 200, 0, 0, 50, 0, 0, 0, 0, 0, 0, '2019-04-05 23:55:33', '0000-00-00 00:00:00'),
(201, 201, 0, 0, 50, 0, 0, 0, 0, 0, 0, '2019-04-05 23:55:33', '0000-00-00 00:00:00'),
(202, 202, 0, 0, 50, 0, 0, 0, 0, 0, 0, '2019-04-05 23:55:33', '0000-00-00 00:00:00'),
(203, 203, 0, 0, 50, 0, 0, 0, 0, 0, 0, '2019-04-05 23:55:33', '0000-00-00 00:00:00'),
(204, 204, 0, 0, 50, 0, 0, 0, 0, 0, 0, '2019-04-05 23:55:33', '0000-00-00 00:00:00'),
(205, 205, 0, 0, 50, 0, 0, 0, 0, 0, 0, '2019-04-05 23:55:33', '0000-00-00 00:00:00'),
(206, 206, 0, 0, 50, 0, 0, 0, 0, 0, 0, '2019-04-05 23:55:33', '0000-00-00 00:00:00'),
(207, 207, 0, 0, 50, 0, 0, 0, 0, 0, 0, '2019-04-05 23:55:33', '0000-00-00 00:00:00'),
(208, 208, 0, 0, 50, 0, 0, 0, 0, 0, 0, '2019-04-05 23:55:33', '0000-00-00 00:00:00'),
(209, 209, 0, 0, 50, 0, 0, 0, 0, 0, 0, '2019-04-05 23:55:33', '0000-00-00 00:00:00'),
(210, 210, 0, 0, 50, 0, 0, 0, 0, 0, 0, '2019-04-05 23:55:33', '0000-00-00 00:00:00'),
(211, 211, 0, 0, 50, 0, 0, 0, 0, 0, 0, '2019-04-05 23:55:33', '0000-00-00 00:00:00'),
(212, 212, 0, 0, 50, 0, 0, 0, 0, 0, 0, '2019-04-05 23:55:33', '0000-00-00 00:00:00'),
(213, 213, 0, 0, 50, 0, 0, 0, 0, 0, 0, '2019-04-05 23:55:33', '0000-00-00 00:00:00'),
(214, 214, 0, 0, 50, 0, 0, 0, 0, 0, 0, '2019-04-05 23:55:33', '0000-00-00 00:00:00'),
(215, 215, 0, 0, 50, 0, 0, 0, 0, 0, 0, '2019-04-05 23:55:33', '0000-00-00 00:00:00'),
(216, 216, 0, 0, 50, 0, 0, 0, 0, 0, 0, '2019-04-05 23:55:33', '0000-00-00 00:00:00'),
(217, 217, 0, 0, 50, 0, 0, 0, 0, 0, 0, '2019-04-05 23:55:33', '0000-00-00 00:00:00'),
(218, 218, 0, 0, 50, 0, 0, 0, 0, 0, 0, '2019-04-05 23:55:33', '0000-00-00 00:00:00'),
(219, 219, 0, 0, 50, 0, 0, 0, 0, 0, 0, '2019-04-05 23:55:33', '0000-00-00 00:00:00'),
(220, 220, 0, 0, 50, 0, 0, 0, 0, 0, 0, '2019-04-05 23:55:33', '0000-00-00 00:00:00'),
(221, 221, 0, 0, 50, 0, 0, 0, 0, 0, 0, '2019-04-05 23:55:33', '0000-00-00 00:00:00'),
(222, 222, 0, 0, 50, 0, 0, 0, 0, 0, 0, '2019-04-05 23:55:33', '0000-00-00 00:00:00'),
(223, 223, 0, 0, 50, 0, 0, 0, 0, 0, 0, '2019-04-05 23:55:33', '0000-00-00 00:00:00'),
(224, 224, 0, 0, 50, 0, 0, 0, 0, 0, 0, '2019-04-05 23:55:33', '0000-00-00 00:00:00'),
(225, 225, 0, 0, 50, 0, 0, 0, 0, 0, 0, '2019-04-05 23:55:33', '0000-00-00 00:00:00'),
(226, 226, 0, 0, 50, 0, 0, 0, 0, 0, 0, '2019-04-05 23:55:33', '0000-00-00 00:00:00'),
(227, 227, 0, 0, 50, 0, 0, 0, 0, 0, 0, '2019-04-05 23:55:33', '0000-00-00 00:00:00'),
(228, 228, 0, 0, 50, 0, 0, 0, 0, 0, 0, '2019-04-05 23:55:33', '0000-00-00 00:00:00'),
(229, 229, 0, 0, 50, 0, 0, 0, 0, 0, 0, '2019-04-05 23:55:33', '0000-00-00 00:00:00'),
(230, 230, 0, 0, 50, 0, 0, 0, 0, 0, 0, '2019-04-05 23:55:33', '0000-00-00 00:00:00'),
(231, 231, 0, 0, 50, 0, 0, 0, 0, 0, 0, '2019-04-05 23:55:33', '0000-00-00 00:00:00'),
(232, 232, 0, 0, 50, 0, 0, 0, 0, 0, 0, '2019-04-05 23:55:33', '0000-00-00 00:00:00'),
(233, 233, 0, 0, 50, 0, 0, 0, 0, 0, 0, '2019-04-05 23:55:33', '0000-00-00 00:00:00'),
(234, 234, 0, 0, 50, 0, 0, 0, 0, 0, 0, '2019-04-05 23:55:33', '0000-00-00 00:00:00'),
(235, 235, 0, 0, 50, 0, 0, 0, 0, 0, 0, '2019-04-05 23:55:33', '0000-00-00 00:00:00'),
(236, 236, 0, 0, 50, 0, 0, 0, 0, 0, 0, '2019-04-05 23:55:33', '0000-00-00 00:00:00'),
(237, 237, 0, 0, 50, 0, 0, 0, 0, 0, 0, '2019-04-05 23:55:33', '0000-00-00 00:00:00'),
(238, 238, 0, 0, 50, 0, 0, 0, 0, 0, 0, '2019-04-05 23:55:33', '0000-00-00 00:00:00'),
(239, 239, 0, 0, 50, 0, 0, 0, 0, 0, 0, '2019-04-05 23:55:33', '0000-00-00 00:00:00'),
(240, 240, 0, 0, 50, 0, 0, 0, 0, 0, 0, '2019-04-05 23:55:33', '0000-00-00 00:00:00'),
(241, 241, 0, 0, 50, 0, 0, 0, 0, 0, 0, '2019-04-05 23:55:33', '0000-00-00 00:00:00'),
(242, 242, 0, 0, 50, 0, 0, 0, 0, 0, 0, '2019-04-05 23:55:33', '0000-00-00 00:00:00'),
(243, 243, 0, 0, 50, 0, 0, 0, 0, 0, 0, '2019-04-05 23:55:33', '0000-00-00 00:00:00'),
(244, 244, 0, 0, 50, 0, 0, 0, 0, 0, 0, '2019-04-05 23:55:33', '0000-00-00 00:00:00'),
(245, 245, 0, 0, 50, 0, 0, 0, 0, 0, 0, '2019-04-05 23:55:33', '0000-00-00 00:00:00'),
(246, 246, 0, 0, 50, 0, 0, 0, 0, 0, 0, '2019-04-05 23:55:33', '0000-00-00 00:00:00'),
(247, 247, 0, 0, 50, 0, 0, 0, 0, 0, 0, '2019-04-05 23:55:33', '0000-00-00 00:00:00'),
(248, 248, 0, 0, 50, 0, 0, 0, 0, 0, 0, '2019-04-05 23:55:33', '0000-00-00 00:00:00'),
(249, 249, 0, 0, 50, 0, 0, 0, 0, 0, 0, '2019-04-05 23:55:33', '0000-00-00 00:00:00'),
(250, 250, 0, 0, 50, 0, 0, 0, 0, 0, 0, '2019-04-05 23:55:33', '0000-00-00 00:00:00'),
(251, 251, 0, 0, 50, 0, 0, 0, 0, 0, 0, '2019-04-05 23:55:33', '0000-00-00 00:00:00'),
(252, 252, 0, 0, 50, 0, 0, 0, 0, 0, 0, '2019-04-05 23:55:33', '0000-00-00 00:00:00'),
(253, 253, 0, 0, 50, 0, 0, 0, 0, 0, 0, '2019-04-05 23:55:33', '0000-00-00 00:00:00'),
(254, 254, 0, 0, 50, 0, 0, 0, 0, 0, 0, '2019-04-05 23:55:33', '0000-00-00 00:00:00'),
(255, 255, 0, 0, 50, 0, 0, 0, 0, 0, 0, '2019-04-05 23:55:33', '0000-00-00 00:00:00'),
(256, 256, 0, 0, 50, 0, 0, 0, 0, 0, 0, '2019-04-05 23:55:33', '0000-00-00 00:00:00'),
(257, 257, 0, 0, 50, 0, 0, 0, 0, 0, 0, '2019-04-05 23:55:33', '0000-00-00 00:00:00'),
(258, 258, 0, 0, 50, 0, 0, 0, 0, 0, 0, '2019-04-05 23:55:33', '0000-00-00 00:00:00'),
(259, 259, 0, 0, 50, 0, 0, 0, 0, 0, 0, '2019-04-05 23:55:33', '0000-00-00 00:00:00'),
(260, 260, 0, 0, 50, 0, 0, 0, 0, 0, 0, '2019-04-05 23:55:33', '0000-00-00 00:00:00'),
(261, 261, 0, 0, 50, 0, 0, 0, 0, 0, 0, '2019-04-05 23:55:33', '0000-00-00 00:00:00'),
(262, 262, 0, 0, 50, 0, 0, 0, 0, 0, 0, '2019-04-05 23:55:33', '0000-00-00 00:00:00'),
(263, 263, 0, 0, 50, 0, 0, 0, 0, 0, 0, '2019-04-05 23:55:33', '0000-00-00 00:00:00'),
(264, 264, 0, 0, 50, 0, 0, 0, 0, 0, 0, '2019-04-05 23:55:33', '0000-00-00 00:00:00'),
(265, 265, 0, 0, 50, 0, 0, 0, 0, 0, 0, '2019-04-05 23:55:33', '0000-00-00 00:00:00'),
(266, 266, 0, 0, 50, 0, 0, 0, 0, 0, 0, '2019-04-05 23:55:33', '0000-00-00 00:00:00'),
(267, 267, 0, 0, 50, 0, 0, 0, 0, 0, 0, '2019-04-05 23:55:33', '0000-00-00 00:00:00'),
(268, 268, 0, 0, 50, 0, 0, 0, 0, 0, 0, '2019-04-05 23:55:33', '0000-00-00 00:00:00'),
(269, 269, 0, 0, 50, 0, 0, 0, 0, 0, 0, '2019-04-05 23:55:33', '0000-00-00 00:00:00'),
(270, 270, 0, 0, 50, 0, 0, 0, 0, 0, 0, '2019-04-05 23:55:33', '0000-00-00 00:00:00'),
(271, 271, 0, 0, 50, 0, 0, 0, 0, 0, 0, '2019-04-05 23:55:33', '0000-00-00 00:00:00'),
(272, 272, 0, 0, 50, 0, 0, 0, 0, 0, 0, '2019-04-05 23:55:33', '0000-00-00 00:00:00'),
(273, 273, 0, 0, 50, 0, 0, 0, 0, 0, 0, '2019-04-05 23:55:33', '0000-00-00 00:00:00'),
(274, 274, 0, 0, 50, 0, 0, 0, 0, 0, 0, '2019-04-05 23:55:33', '0000-00-00 00:00:00'),
(275, 275, 0, 0, 50, 0, 0, 0, 0, 0, 0, '2019-04-05 23:55:33', '0000-00-00 00:00:00'),
(276, 276, 0, 0, 50, 0, 0, 0, 0, 0, 0, '2019-04-05 23:55:33', '0000-00-00 00:00:00'),
(277, 277, 0, 0, 50, 0, 0, 0, 0, 0, 0, '2019-04-05 23:55:33', '0000-00-00 00:00:00'),
(278, 278, 0, 0, 50, 0, 0, 0, 0, 0, 0, '2019-04-05 23:55:33', '0000-00-00 00:00:00'),
(279, 279, 0, 0, 50, 0, 0, 0, 0, 0, 0, '2019-04-05 23:55:33', '0000-00-00 00:00:00'),
(280, 280, 0, 0, 50, 0, 0, 0, 0, 0, 0, '2019-04-05 23:55:33', '0000-00-00 00:00:00'),
(281, 281, 0, 0, 50, 0, 0, 0, 0, 0, 0, '2019-04-05 23:55:33', '0000-00-00 00:00:00'),
(282, 282, 0, 0, 50, 0, 0, 0, 0, 0, 0, '2019-04-05 23:55:33', '0000-00-00 00:00:00'),
(283, 283, 0, 0, 50, 0, 0, 0, 0, 0, 0, '2019-04-05 23:55:33', '0000-00-00 00:00:00'),
(284, 284, 0, 0, 50, 0, 0, 0, 0, 0, 0, '2019-04-05 23:55:33', '0000-00-00 00:00:00'),
(285, 285, 0, 0, 50, 0, 0, 0, 0, 0, 0, '2019-04-05 23:55:33', '0000-00-00 00:00:00'),
(286, 286, 0, 0, 50, 0, 0, 0, 0, 0, 0, '2019-04-05 23:55:33', '0000-00-00 00:00:00'),
(287, 287, 0, 0, 50, 0, 0, 0, 0, 0, 0, '2019-04-05 23:55:33', '0000-00-00 00:00:00'),
(288, 288, 0, 0, 50, 0, 0, 0, 0, 0, 0, '2019-04-05 23:55:33', '0000-00-00 00:00:00'),
(289, 289, 0, 0, 50, 0, 0, 0, 0, 0, 0, '2019-04-05 23:55:33', '0000-00-00 00:00:00'),
(290, 290, 0, 0, 50, 0, 0, 0, 0, 0, 0, '2019-04-05 23:55:33', '0000-00-00 00:00:00'),
(291, 291, 0, 0, 50, 0, 0, 0, 0, 0, 0, '2019-04-05 23:55:33', '0000-00-00 00:00:00'),
(292, 292, 0, 0, 50, 0, 0, 0, 0, 0, 0, '2019-04-05 23:55:33', '0000-00-00 00:00:00'),
(293, 293, 0, 0, 50, 0, 0, 0, 0, 0, 0, '2019-04-05 23:55:33', '0000-00-00 00:00:00'),
(294, 294, 0, 0, 50, 0, 0, 0, 0, 0, 0, '2019-04-05 23:55:33', '0000-00-00 00:00:00'),
(295, 295, 0, 0, 50, 0, 0, 0, 0, 0, 0, '2019-04-05 23:55:33', '0000-00-00 00:00:00'),
(296, 296, 0, 0, 50, 0, 0, 0, 0, 0, 0, '2019-04-05 23:55:33', '0000-00-00 00:00:00'),
(297, 297, 0, 0, 50, 0, 0, 0, 0, 0, 0, '2019-04-05 23:55:33', '0000-00-00 00:00:00'),
(298, 298, 0, 0, 50, 0, 0, 0, 0, 0, 0, '2019-04-05 23:55:33', '0000-00-00 00:00:00'),
(299, 299, 0, 0, 50, 0, 0, 0, 0, 0, 0, '2019-04-05 23:55:33', '0000-00-00 00:00:00'),
(300, 300, 0, 0, 50, 0, 0, 0, 0, 0, 0, '2019-04-05 23:55:33', '0000-00-00 00:00:00'),
(301, 301, 0, 0, 50, 0, 0, 0, 0, 0, 0, '2019-04-05 23:55:33', '0000-00-00 00:00:00'),
(302, 302, 0, 0, 50, 0, 0, 0, 0, 0, 0, '2019-04-05 23:55:33', '0000-00-00 00:00:00'),
(303, 303, 0, 0, 50, 0, 0, 0, 0, 0, 0, '2019-04-05 23:55:33', '0000-00-00 00:00:00'),
(304, 304, 0, 0, 50, 0, 0, 0, 0, 0, 0, '2019-04-05 23:55:33', '0000-00-00 00:00:00'),
(305, 305, 0, 0, 50, 0, 0, 0, 0, 0, 0, '2019-04-05 23:55:33', '0000-00-00 00:00:00'),
(306, 306, 0, 0, 50, 0, 0, 0, 0, 0, 0, '2019-04-05 23:55:33', '0000-00-00 00:00:00'),
(307, 307, 0, 0, 50, 0, 0, 0, 0, 0, 0, '2019-04-05 23:55:33', '0000-00-00 00:00:00'),
(308, 308, 0, 0, 50, 0, 0, 0, 0, 0, 0, '2019-04-05 23:55:33', '0000-00-00 00:00:00'),
(309, 309, 0, 0, 50, 0, 0, 0, 0, 0, 0, '2019-04-05 23:55:33', '0000-00-00 00:00:00'),
(310, 310, 0, 0, 50, 0, 0, 0, 0, 0, 0, '2019-04-05 23:55:33', '0000-00-00 00:00:00'),
(311, 311, 0, 0, 50, 0, 0, 0, 0, 0, 0, '2019-04-05 23:55:33', '0000-00-00 00:00:00'),
(312, 312, 0, 0, 50, 0, 0, 0, 0, 0, 0, '2019-04-05 23:55:33', '0000-00-00 00:00:00'),
(313, 313, 0, 0, 50, 0, 0, 0, 0, 0, 0, '2019-04-05 23:55:33', '0000-00-00 00:00:00'),
(314, 314, 0, 0, 50, 0, 0, 0, 0, 0, 0, '2019-04-05 23:55:33', '0000-00-00 00:00:00'),
(315, 315, 0, 0, 50, 0, 0, 0, 0, 0, 0, '2019-04-05 23:55:33', '0000-00-00 00:00:00'),
(316, 316, 0, 0, 50, 0, 0, 0, 0, 0, 0, '2019-04-05 23:55:33', '0000-00-00 00:00:00'),
(317, 317, 0, 0, 50, 0, 0, 0, 0, 0, 0, '2019-04-05 23:55:33', '0000-00-00 00:00:00'),
(318, 318, 0, 0, 50, 0, 0, 0, 0, 0, 0, '2019-04-05 23:55:33', '0000-00-00 00:00:00'),
(319, 319, 0, 0, 50, 0, 0, 0, 0, 0, 0, '2019-04-05 23:55:33', '0000-00-00 00:00:00'),
(320, 320, 0, 0, 50, 0, 0, 0, 0, 0, 0, '2019-04-05 23:55:33', '0000-00-00 00:00:00'),
(321, 321, 0, 0, 50, 0, 0, 0, 0, 0, 0, '2019-04-05 23:55:33', '0000-00-00 00:00:00'),
(322, 322, 0, 0, 50, 0, 0, 0, 0, 0, 0, '2019-04-05 23:55:33', '0000-00-00 00:00:00'),
(323, 323, 0, 0, 50, 0, 0, 0, 0, 0, 0, '2019-04-05 23:55:33', '0000-00-00 00:00:00'),
(324, 324, 0, 0, 50, 0, 0, 0, 0, 0, 0, '2019-04-05 23:55:33', '0000-00-00 00:00:00'),
(325, 325, 0, 0, 50, 0, 0, 0, 0, 0, 0, '2019-04-05 23:55:33', '0000-00-00 00:00:00'),
(326, 326, 0, 0, 50, 0, 0, 0, 0, 0, 0, '2019-04-05 23:55:33', '0000-00-00 00:00:00'),
(327, 327, 0, 0, 50, 0, 0, 0, 0, 0, 0, '2019-04-05 23:55:33', '0000-00-00 00:00:00'),
(328, 328, 0, 0, 50, 0, 0, 0, 0, 0, 0, '2019-04-05 23:55:33', '0000-00-00 00:00:00'),
(329, 329, 0, 0, 50, 0, 0, 0, 0, 0, 0, '2019-04-05 23:55:33', '0000-00-00 00:00:00'),
(330, 330, 0, 0, 50, 0, 0, 0, 0, 0, 0, '2019-04-05 23:55:33', '0000-00-00 00:00:00'),
(331, 331, 0, 0, 50, 0, 0, 0, 0, 0, 0, '2019-04-05 23:55:33', '0000-00-00 00:00:00'),
(332, 332, 0, 0, 50, 0, 0, 0, 0, 0, 0, '2019-04-05 23:55:33', '0000-00-00 00:00:00'),
(333, 333, 0, 0, 50, 0, 0, 0, 0, 0, 0, '2019-04-05 23:55:33', '0000-00-00 00:00:00'),
(334, 334, 0, 0, 50, 0, 0, 0, 0, 0, 0, '2019-04-05 23:55:33', '0000-00-00 00:00:00'),
(335, 335, 0, 0, 50, 0, 0, 0, 0, 0, 0, '2019-04-05 23:55:33', '0000-00-00 00:00:00'),
(336, 336, 0, 0, 50, 0, 0, 0, 0, 0, 0, '2019-04-05 23:55:33', '0000-00-00 00:00:00'),
(337, 337, 0, 0, 50, 0, 0, 0, 0, 0, 0, '2019-04-05 23:55:33', '0000-00-00 00:00:00'),
(338, 338, 0, 0, 50, 0, 0, 0, 0, 0, 0, '2019-04-05 23:55:33', '0000-00-00 00:00:00'),
(339, 339, 0, 0, 50, 0, 0, 0, 0, 0, 0, '2019-04-05 23:55:33', '0000-00-00 00:00:00'),
(340, 340, 0, 0, 50, 0, 0, 0, 0, 0, 0, '2019-04-05 23:55:33', '0000-00-00 00:00:00'),
(341, 341, 0, 0, 50, 0, 0, 0, 0, 0, 0, '2019-04-05 23:55:33', '0000-00-00 00:00:00'),
(342, 342, 0, 0, 50, 0, 0, 0, 0, 0, 0, '2019-04-05 23:55:33', '0000-00-00 00:00:00'),
(343, 343, 0, 0, 50, 0, 0, 0, 0, 0, 0, '2019-04-05 23:55:33', '0000-00-00 00:00:00'),
(344, 344, 0, 0, 50, 0, 0, 0, 0, 0, 0, '2019-04-05 23:55:33', '0000-00-00 00:00:00'),
(345, 345, 0, 0, 50, 0, 0, 0, 0, 0, 0, '2019-04-05 23:55:33', '0000-00-00 00:00:00'),
(346, 346, 0, 0, 50, 0, 0, 0, 0, 0, 0, '2019-04-05 23:55:33', '0000-00-00 00:00:00'),
(347, 347, 0, 0, 50, 0, 0, 0, 0, 0, 0, '2019-04-05 23:55:33', '0000-00-00 00:00:00'),
(348, 348, 0, 0, 50, 0, 0, 0, 0, 0, 0, '2019-04-05 23:55:33', '0000-00-00 00:00:00'),
(349, 349, 0, 0, 50, 0, 0, 0, 0, 0, 0, '2019-04-05 23:55:33', '0000-00-00 00:00:00'),
(350, 350, 0, 0, 50, 0, 0, 0, 0, 0, 0, '2019-04-05 23:55:33', '0000-00-00 00:00:00'),
(351, 351, 0, 0, 50, 0, 0, 0, 0, 0, 0, '2019-04-05 23:55:33', '0000-00-00 00:00:00'),
(352, 352, 0, 0, 50, 0, 0, 0, 0, 0, 0, '2019-04-05 23:55:33', '0000-00-00 00:00:00'),
(353, 353, 0, 0, 50, 0, 0, 0, 0, 0, 0, '2019-04-05 23:55:33', '0000-00-00 00:00:00'),
(354, 354, 0, 0, 50, 0, 0, 0, 0, 0, 0, '2019-04-05 23:55:33', '0000-00-00 00:00:00'),
(355, 355, 0, 0, 50, 0, 0, 0, 0, 0, 0, '2019-04-05 23:55:33', '0000-00-00 00:00:00'),
(356, 356, 0, 0, 50, 0, 0, 0, 0, 0, 0, '2019-04-05 23:55:33', '0000-00-00 00:00:00'),
(357, 357, 0, 0, 50, 0, 0, 0, 0, 0, 0, '2019-04-05 23:55:33', '0000-00-00 00:00:00'),
(358, 58, 0, 0, 50, 0, 0, 0, 0, 0, 0, '2019-04-05 23:55:33', '0000-00-00 00:00:00'),
(359, 359, 0, 0, 50, 0, 0, 0, 0, 0, 0, '2019-04-05 23:55:33', '0000-00-00 00:00:00'),
(360, 360, 0, 0, 50, 0, 0, 0, 0, 0, 0, '2019-04-05 23:55:33', '0000-00-00 00:00:00'),
(361, 361, 0, 0, 50, 0, 0, 0, 0, 0, 0, '2019-04-05 23:55:33', '0000-00-00 00:00:00'),
(362, 362, 0, 0, 50, 0, 0, 0, 0, 0, 0, '2019-04-05 23:55:33', '0000-00-00 00:00:00'),
(363, 363, 0, 0, 50, 0, 0, 0, 0, 0, 0, '2019-04-05 23:55:33', '0000-00-00 00:00:00'),
(364, 364, 0, 0, 50, 0, 0, 0, 0, 0, 0, '2019-04-05 23:55:33', '0000-00-00 00:00:00'),
(365, 365, 0, 0, 50, 0, 0, 0, 0, 0, 0, '2019-04-05 23:55:33', '0000-00-00 00:00:00'),
(366, 366, 0, 0, 50, 0, 0, 0, 0, 0, 0, '2019-04-05 23:55:33', '0000-00-00 00:00:00'),
(367, 367, 0, 0, 50, 0, 0, 0, 0, 0, 0, '2019-04-05 23:55:33', '0000-00-00 00:00:00'),
(368, 368, 0, 0, 50, 0, 0, 0, 0, 0, 0, '2019-04-05 23:55:33', '0000-00-00 00:00:00'),
(369, 369, 0, 0, 50, 0, 0, 0, 0, 0, 0, '2019-04-05 23:55:33', '0000-00-00 00:00:00'),
(370, 370, 0, 0, 50, 0, 0, 0, 0, 0, 0, '2019-04-05 23:55:33', '0000-00-00 00:00:00'),
(371, 371, 0, 0, 50, 0, 0, 0, 0, 0, 0, '2019-04-05 23:55:33', '0000-00-00 00:00:00'),
(372, 372, 0, 0, 50, 0, 0, 0, 0, 0, 0, '2019-04-05 23:55:33', '0000-00-00 00:00:00'),
(373, 373, 0, 0, 50, 0, 0, 0, 0, 0, 0, '2019-04-05 23:55:33', '0000-00-00 00:00:00'),
(374, 374, 0, 0, 50, 0, 0, 0, 0, 0, 0, '2019-04-05 23:55:33', '0000-00-00 00:00:00'),
(375, 375, 0, 0, 50, 0, 0, 0, 0, 0, 0, '2019-04-05 23:55:33', '0000-00-00 00:00:00'),
(376, 376, 0, 0, 50, 0, 0, 0, 0, 0, 0, '2019-04-05 23:55:33', '0000-00-00 00:00:00'),
(377, 377, 0, 0, 50, 0, 0, 0, 0, 0, 0, '2019-04-05 23:55:33', '0000-00-00 00:00:00'),
(378, 378, 0, 0, 50, 0, 0, 0, 0, 0, 0, '2019-04-05 23:55:33', '0000-00-00 00:00:00'),
(379, 379, 0, 0, 50, 0, 0, 0, 0, 0, 0, '2019-04-05 23:55:33', '0000-00-00 00:00:00'),
(380, 380, 0, 0, 50, 0, 0, 0, 0, 0, 0, '2019-04-05 23:55:33', '0000-00-00 00:00:00'),
(381, 381, 0, 0, 50, 0, 0, 0, 0, 0, 0, '2019-04-05 23:55:33', '0000-00-00 00:00:00'),
(382, 382, 0, 0, 50, 0, 0, 0, 0, 0, 0, '2019-04-05 23:55:33', '0000-00-00 00:00:00'),
(383, 383, 0, 0, 50, 0, 0, 0, 0, 0, 0, '2019-04-05 23:55:33', '0000-00-00 00:00:00'),
(384, 384, 0, 0, 50, 0, 0, 0, 0, 0, 0, '2019-04-05 23:55:33', '0000-00-00 00:00:00'),
(385, 385, 0, 0, 50, 0, 0, 0, 0, 0, 0, '2019-04-05 23:55:33', '0000-00-00 00:00:00'),
(386, 386, 0, 0, 50, 0, 0, 0, 0, 0, 0, '2019-04-05 23:55:33', '0000-00-00 00:00:00'),
(387, 387, 0, 0, 50, 0, 0, 0, 0, 0, 0, '2019-04-05 23:55:33', '0000-00-00 00:00:00'),
(388, 388, 0, 0, 50, 0, 0, 0, 0, 0, 0, '2019-04-05 23:55:33', '0000-00-00 00:00:00'),
(389, 389, 0, 0, 50, 0, 0, 0, 0, 0, 0, '2019-04-05 23:55:33', '0000-00-00 00:00:00'),
(390, 390, 0, 0, 50, 0, 0, 0, 0, 0, 0, '2019-04-05 23:55:33', '0000-00-00 00:00:00'),
(391, 391, 0, 0, 50, 0, 0, 0, 0, 0, 0, '2019-04-05 23:55:33', '0000-00-00 00:00:00'),
(392, 392, 0, 0, 50, 0, 0, 0, 0, 0, 0, '2019-04-05 23:55:33', '0000-00-00 00:00:00'),
(393, 393, 0, 0, 50, 0, 0, 0, 0, 0, 0, '2019-04-05 23:55:33', '0000-00-00 00:00:00'),
(394, 394, 0, 0, 50, 0, 0, 0, 0, 0, 0, '2019-04-05 23:55:33', '0000-00-00 00:00:00'),
(395, 395, 0, 0, 50, 0, 0, 0, 0, 0, 0, '2019-04-05 23:55:33', '0000-00-00 00:00:00'),
(396, 396, 0, 0, 50, 0, 0, 0, 0, 0, 0, '2019-04-05 23:55:33', '0000-00-00 00:00:00'),
(397, 397, 0, 0, 50, 0, 0, 0, 0, 0, 0, '2019-04-05 23:55:33', '0000-00-00 00:00:00'),
(398, 398, 0, 0, 50, 0, 0, 0, 0, 0, 0, '2019-04-05 23:55:33', '0000-00-00 00:00:00'),
(399, 399, 0, 0, 50, 0, 0, 0, 0, 0, 0, '2019-04-05 23:55:33', '0000-00-00 00:00:00'),
(400, 400, 0, 0, 50, 0, 0, 0, 0, 0, 0, '2019-04-05 23:55:33', '0000-00-00 00:00:00'),
(401, 401, 0, 0, 50, 0, 0, 0, 0, 0, 0, '2019-04-05 23:55:33', '0000-00-00 00:00:00'),
(402, 402, 0, 0, 50, 0, 0, 0, 0, 0, 0, '2019-04-05 23:55:33', '0000-00-00 00:00:00'),
(403, 403, 0, 0, 50, 0, 0, 0, 0, 0, 0, '2019-04-05 23:55:33', '0000-00-00 00:00:00'),
(404, 404, 0, 0, 50, 0, 0, 0, 0, 0, 0, '2019-04-05 23:55:33', '0000-00-00 00:00:00'),
(405, 405, 0, 0, 50, 0, 0, 0, 0, 0, 0, '2019-04-05 23:55:33', '0000-00-00 00:00:00'),
(406, 406, 0, 0, 50, 0, 0, 0, 0, 0, 0, '2019-04-05 23:55:33', '0000-00-00 00:00:00'),
(407, 407, 0, 0, 50, 0, 0, 0, 0, 0, 0, '2019-04-05 23:55:33', '0000-00-00 00:00:00'),
(408, 408, 0, 0, 50, 0, 0, 0, 0, 0, 0, '2019-04-05 23:55:33', '0000-00-00 00:00:00'),
(409, 409, 0, 0, 50, 0, 0, 0, 0, 0, 0, '2019-04-05 23:55:33', '0000-00-00 00:00:00'),
(410, 410, 0, 0, 50, 0, 0, 0, 0, 0, 0, '2019-04-05 23:55:33', '0000-00-00 00:00:00'),
(411, 411, 0, 0, 50, 0, 0, 0, 0, 0, 0, '2019-04-05 23:55:33', '0000-00-00 00:00:00'),
(412, 412, 0, 0, 50, 0, 0, 0, 0, 0, 0, '2019-04-05 23:55:33', '0000-00-00 00:00:00'),
(413, 413, 0, 0, 50, 0, 0, 0, 0, 0, 0, '2019-04-05 23:55:33', '0000-00-00 00:00:00'),
(414, 414, 0, 0, 50, 0, 0, 0, 0, 0, 0, '2019-04-05 23:55:33', '0000-00-00 00:00:00'),
(415, 415, 0, 0, 50, 0, 0, 0, 0, 0, 0, '2019-04-05 23:55:33', '0000-00-00 00:00:00'),
(416, 416, 0, 0, 50, 0, 0, 0, 0, 0, 0, '2019-04-05 23:55:33', '0000-00-00 00:00:00'),
(417, 417, 0, 0, 50, 0, 0, 0, 0, 0, 0, '2019-04-05 23:55:33', '0000-00-00 00:00:00'),
(418, 418, 0, 0, 50, 0, 0, 0, 0, 0, 0, '2019-04-05 23:55:33', '0000-00-00 00:00:00'),
(419, 419, 0, 0, 50, 0, 0, 0, 0, 0, 0, '2019-04-05 23:55:33', '0000-00-00 00:00:00'),
(420, 420, 0, 0, 50, 0, 0, 0, 0, 0, 0, '2019-04-05 23:55:33', '0000-00-00 00:00:00'),
(421, 421, 0, 0, 50, 0, 0, 0, 0, 0, 0, '2019-04-05 23:55:33', '0000-00-00 00:00:00'),
(422, 422, 0, 0, 50, 0, 0, 0, 0, 0, 0, '2019-04-05 23:55:33', '0000-00-00 00:00:00'),
(423, 423, 0, 0, 50, 0, 0, 0, 0, 0, 0, '2019-04-05 23:55:33', '0000-00-00 00:00:00'),
(424, 424, 0, 0, 50, 0, 0, 0, 0, 0, 0, '2019-04-05 23:55:33', '0000-00-00 00:00:00'),
(425, 425, 0, 0, 50, 0, 0, 0, 0, 0, 0, '2019-04-05 23:55:33', '0000-00-00 00:00:00'),
(426, 426, 0, 0, 50, 0, 0, 0, 0, 0, 0, '2019-04-05 23:55:33', '0000-00-00 00:00:00'),
(427, 427, 0, 0, 50, 0, 0, 0, 0, 0, 0, '2019-04-05 23:55:33', '0000-00-00 00:00:00'),
(428, 428, 0, 0, 50, 0, 0, 0, 0, 0, 0, '2019-04-05 23:55:33', '0000-00-00 00:00:00'),
(429, 429, 0, 0, 50, 0, 0, 0, 0, 0, 0, '2019-04-05 23:55:33', '0000-00-00 00:00:00'),
(430, 430, 0, 0, 50, 0, 0, 0, 0, 0, 0, '2019-04-05 23:55:33', '0000-00-00 00:00:00'),
(431, 431, 0, 0, 50, 0, 0, 0, 0, 0, 0, '2019-04-05 23:55:33', '0000-00-00 00:00:00'),
(432, 432, 0, 0, 50, 0, 0, 0, 0, 0, 0, '2019-04-05 23:55:33', '0000-00-00 00:00:00'),
(433, 433, 0, 0, 50, 0, 0, 0, 0, 0, 0, '2019-04-05 23:55:33', '0000-00-00 00:00:00'),
(434, 434, 0, 0, 50, 0, 0, 0, 0, 0, 0, '2019-04-05 23:55:33', '0000-00-00 00:00:00'),
(435, 435, 0, 0, 50, 0, 0, 0, 0, 0, 0, '2019-04-05 23:55:33', '0000-00-00 00:00:00'),
(436, 436, 0, 0, 50, 0, 0, 0, 0, 0, 0, '2019-04-05 23:55:33', '0000-00-00 00:00:00'),
(437, 437, 0, 0, 50, 0, 0, 0, 0, 0, 0, '2019-04-05 23:55:33', '0000-00-00 00:00:00'),
(438, 438, 0, 0, 50, 0, 0, 0, 0, 0, 0, '2019-04-05 23:55:33', '0000-00-00 00:00:00'),
(439, 439, 0, 0, 50, 0, 0, 0, 0, 0, 0, '2019-04-05 23:55:33', '0000-00-00 00:00:00'),
(440, 440, 0, 0, 50, 0, 0, 0, 0, 0, 0, '2019-04-05 23:55:33', '0000-00-00 00:00:00'),
(441, 441, 0, 0, 50, 0, 0, 0, 0, 0, 0, '2019-04-05 23:55:33', '0000-00-00 00:00:00'),
(442, 442, 0, 0, 50, 0, 0, 0, 0, 0, 0, '2019-04-05 23:55:33', '0000-00-00 00:00:00'),
(443, 443, 0, 0, 50, 0, 0, 0, 0, 0, 0, '2019-04-05 23:55:33', '0000-00-00 00:00:00'),
(444, 444, 0, 0, 50, 0, 0, 0, 0, 0, 0, '2019-04-05 23:55:33', '0000-00-00 00:00:00'),
(445, 445, 0, 0, 50, 0, 0, 0, 0, 0, 0, '2019-04-05 23:55:33', '0000-00-00 00:00:00'),
(446, 446, 0, 0, 50, 0, 0, 0, 0, 0, 0, '2019-04-05 23:55:33', '0000-00-00 00:00:00'),
(447, 447, 0, 0, 50, 0, 0, 0, 0, 0, 0, '2019-04-05 23:55:33', '0000-00-00 00:00:00'),
(448, 448, 0, 0, 50, 0, 0, 0, 0, 0, 0, '2019-04-05 23:55:33', '0000-00-00 00:00:00'),
(449, 449, 0, 0, 50, 0, 0, 0, 0, 0, 0, '2019-04-05 23:55:33', '0000-00-00 00:00:00'),
(450, 450, 0, 0, 50, 0, 0, 0, 0, 0, 0, '2019-04-05 23:55:33', '0000-00-00 00:00:00'),
(451, 451, 0, 0, 50, 0, 0, 0, 0, 0, 0, '2019-04-05 23:55:33', '0000-00-00 00:00:00'),
(452, 452, 0, 0, 50, 0, 0, 0, 0, 0, 0, '2019-04-05 23:55:33', '0000-00-00 00:00:00'),
(453, 453, 0, 0, 50, 0, 0, 0, 0, 0, 0, '2019-04-05 23:55:33', '0000-00-00 00:00:00'),
(454, 454, 0, 0, 50, 0, 0, 0, 0, 0, 0, '2019-04-05 23:55:33', '0000-00-00 00:00:00'),
(455, 455, 0, 0, 50, 0, 0, 0, 0, 0, 0, '2019-04-05 23:55:33', '0000-00-00 00:00:00'),
(456, 456, 0, 0, 50, 0, 0, 0, 0, 0, 0, '2019-04-05 23:55:33', '0000-00-00 00:00:00'),
(457, 457, 0, 0, 50, 0, 0, 0, 0, 0, 0, '2019-04-05 23:55:33', '0000-00-00 00:00:00'),
(458, 458, 0, 0, 50, 0, 0, 0, 0, 0, 0, '2019-04-05 23:55:33', '0000-00-00 00:00:00'),
(459, 459, 0, 0, 50, 0, 0, 0, 0, 0, 0, '2019-04-05 23:55:33', '0000-00-00 00:00:00'),
(460, 460, 0, 0, 50, 0, 0, 0, 0, 0, 0, '2019-04-05 23:55:33', '0000-00-00 00:00:00'),
(461, 461, 0, 0, 50, 0, 0, 0, 0, 0, 0, '2019-04-05 23:55:33', '0000-00-00 00:00:00'),
(462, 462, 0, 0, 50, 0, 0, 0, 0, 0, 0, '2019-04-05 23:55:33', '0000-00-00 00:00:00'),
(463, 463, 0, 0, 50, 0, 0, 0, 0, 0, 0, '2019-04-05 23:55:33', '0000-00-00 00:00:00'),
(464, 464, 0, 0, 50, 0, 0, 0, 0, 0, 0, '2019-04-05 23:55:33', '0000-00-00 00:00:00'),
(465, 465, 0, 0, 50, 0, 0, 0, 0, 0, 0, '2019-04-05 23:55:33', '0000-00-00 00:00:00'),
(466, 466, 0, 0, 50, 0, 0, 0, 0, 0, 0, '2019-04-05 23:55:33', '0000-00-00 00:00:00'),
(467, 467, 0, 0, 50, 0, 0, 0, 0, 0, 0, '2019-04-05 23:55:33', '0000-00-00 00:00:00'),
(468, 468, 0, 0, 50, 0, 0, 0, 0, 0, 0, '2019-04-05 23:55:33', '0000-00-00 00:00:00'),
(469, 469, 0, 0, 50, 0, 0, 0, 0, 0, 0, '2019-04-05 23:55:33', '0000-00-00 00:00:00'),
(470, 470, 0, 0, 50, 0, 0, 0, 0, 0, 0, '2019-04-05 23:55:33', '0000-00-00 00:00:00'),
(471, 471, 0, 0, 50, 0, 0, 0, 0, 0, 0, '2019-04-05 23:55:33', '0000-00-00 00:00:00'),
(472, 472, 0, 0, 50, 0, 0, 0, 0, 0, 0, '2019-04-05 23:55:33', '0000-00-00 00:00:00'),
(473, 473, 0, 0, 50, 0, 0, 0, 0, 0, 0, '2019-04-05 23:55:33', '0000-00-00 00:00:00'),
(474, 474, 0, 0, 50, 0, 0, 0, 0, 0, 0, '2019-04-05 23:55:33', '0000-00-00 00:00:00'),
(475, 475, 0, 0, 50, 0, 0, 0, 0, 0, 0, '2019-04-05 23:55:33', '0000-00-00 00:00:00'),
(476, 476, 0, 0, 50, 0, 0, 0, 0, 0, 0, '2019-04-05 23:55:33', '0000-00-00 00:00:00'),
(477, 477, 0, 0, 50, 0, 0, 0, 0, 0, 0, '2019-04-05 23:55:33', '0000-00-00 00:00:00'),
(478, 478, 0, 0, 50, 0, 0, 0, 0, 0, 0, '2019-04-05 23:55:33', '0000-00-00 00:00:00'),
(479, 479, 0, 0, 50, 0, 0, 0, 0, 0, 0, '2019-04-05 23:55:33', '0000-00-00 00:00:00'),
(480, 480, 0, 0, 50, 0, 0, 0, 0, 0, 0, '2019-04-05 23:55:33', '0000-00-00 00:00:00'),
(481, 481, 0, 0, 50, 0, 0, 0, 0, 0, 0, '2019-04-05 23:55:33', '0000-00-00 00:00:00'),
(482, 482, 0, 0, 50, 0, 0, 0, 0, 0, 0, '2019-04-05 23:55:33', '0000-00-00 00:00:00'),
(483, 483, 0, 0, 50, 0, 0, 0, 0, 0, 0, '2019-04-05 23:55:33', '0000-00-00 00:00:00'),
(484, 484, 0, 0, 50, 0, 0, 0, 0, 0, 0, '2019-04-05 23:55:33', '0000-00-00 00:00:00'),
(485, 485, 0, 0, 50, 0, 0, 0, 0, 0, 0, '2019-04-05 23:55:33', '0000-00-00 00:00:00'),
(486, 486, 0, 0, 50, 0, 0, 0, 0, 0, 0, '2019-04-05 23:55:33', '0000-00-00 00:00:00'),
(487, 487, 0, 0, 50, 0, 0, 0, 0, 0, 0, '2019-04-05 23:55:33', '0000-00-00 00:00:00'),
(488, 488, 0, 0, 50, 0, 0, 0, 0, 0, 0, '2019-04-05 23:55:33', '0000-00-00 00:00:00'),
(489, 489, 0, 0, 50, 0, 0, 0, 0, 0, 0, '2019-04-05 23:55:33', '0000-00-00 00:00:00'),
(490, 490, 0, 0, 50, 0, 0, 0, 0, 0, 0, '2019-04-05 23:55:33', '0000-00-00 00:00:00'),
(491, 491, 0, 0, 50, 0, 0, 0, 0, 0, 0, '2019-04-05 23:55:33', '0000-00-00 00:00:00'),
(492, 492, 0, 0, 50, 0, 0, 0, 0, 0, 0, '2019-04-05 23:55:33', '0000-00-00 00:00:00'),
(493, 493, 0, 0, 50, 0, 0, 0, 0, 0, 0, '2019-04-05 23:55:33', '0000-00-00 00:00:00'),
(494, 494, 0, 0, 50, 0, 0, 0, 0, 0, 0, '2019-04-05 23:55:33', '0000-00-00 00:00:00'),
(495, 495, 0, 0, 50, 0, 0, 0, 0, 0, 0, '2019-04-05 23:55:33', '0000-00-00 00:00:00'),
(496, 496, 0, 0, 50, 0, 0, 0, 0, 0, 0, '2019-04-05 23:55:33', '0000-00-00 00:00:00'),
(497, 497, 0, 0, 50, 0, 0, 0, 0, 0, 0, '2019-04-05 23:55:33', '0000-00-00 00:00:00'),
(498, 498, 0, 0, 50, 0, 0, 0, 0, 0, 0, '2019-04-05 23:55:33', '0000-00-00 00:00:00'),
(499, 499, 0, 0, 50, 0, 0, 0, 0, 0, 0, '2019-04-05 23:55:33', '0000-00-00 00:00:00'),
(500, 500, 0, 0, 50, 0, 0, 0, 0, 0, 0, '2019-04-05 23:55:33', '0000-00-00 00:00:00'),
(501, 501, 0, 0, 50, 0, 0, 0, 0, 0, 0, '2019-04-05 23:55:33', '0000-00-00 00:00:00'),
(502, 502, 0, 0, 50, 0, 0, 0, 0, 0, 0, '2019-04-05 23:55:33', '0000-00-00 00:00:00'),
(503, 503, 0, 0, 50, 0, 0, 0, 0, 0, 0, '2019-04-05 23:55:33', '0000-00-00 00:00:00'),
(504, 504, 0, 0, 50, 0, 0, 0, 0, 0, 0, '2019-04-05 23:55:33', '0000-00-00 00:00:00'),
(505, 505, 0, 0, 50, 0, 0, 0, 0, 0, 0, '2019-04-05 23:55:33', '0000-00-00 00:00:00'),
(506, 506, 0, 0, 50, 0, 0, 0, 0, 0, 0, '2019-04-05 23:55:33', '0000-00-00 00:00:00'),
(507, 507, 0, 0, 50, 0, 0, 0, 0, 0, 0, '2019-04-05 23:55:33', '0000-00-00 00:00:00'),
(508, 508, 0, 0, 50, 0, 0, 0, 0, 0, 0, '2019-04-05 23:55:33', '0000-00-00 00:00:00'),
(509, 509, 0, 0, 50, 0, 0, 0, 0, 0, 0, '2019-04-05 23:55:33', '0000-00-00 00:00:00'),
(510, 510, 0, 0, 50, 0, 0, 0, 0, 0, 0, '2019-04-05 23:55:33', '0000-00-00 00:00:00'),
(511, 511, 0, 0, 50, 0, 0, 0, 0, 0, 0, '2019-04-05 23:55:33', '0000-00-00 00:00:00'),
(512, 512, 0, 0, 50, 0, 0, 0, 0, 0, 0, '2019-04-05 23:55:33', '0000-00-00 00:00:00'),
(513, 513, 0, 0, 50, 0, 0, 0, 0, 0, 0, '2019-04-05 23:55:33', '0000-00-00 00:00:00'),
(514, 514, 0, 0, 50, 0, 0, 0, 0, 0, 0, '2019-04-05 23:55:33', '0000-00-00 00:00:00'),
(515, 515, 0, 0, 50, 0, 0, 0, 0, 0, 0, '2019-04-05 23:55:33', '0000-00-00 00:00:00'),
(516, 516, 0, 0, 50, 0, 0, 0, 0, 0, 0, '2019-04-05 23:55:33', '0000-00-00 00:00:00'),
(517, 517, 0, 0, 50, 0, 0, 0, 0, 0, 0, '2019-04-05 23:55:33', '0000-00-00 00:00:00'),
(518, 518, 0, 0, 50, 0, 0, 0, 0, 0, 0, '2019-04-05 23:55:33', '0000-00-00 00:00:00'),
(519, 519, 0, 0, 50, 0, 0, 0, 0, 0, 0, '2019-04-05 23:55:33', '0000-00-00 00:00:00'),
(520, 520, 0, 0, 50, 0, 0, 0, 0, 0, 0, '2019-04-05 23:55:33', '0000-00-00 00:00:00'),
(521, 521, 0, 0, 50, 0, 0, 0, 0, 0, 0, '2019-04-05 23:55:33', '0000-00-00 00:00:00'),
(522, 522, 0, 0, 50, 0, 0, 0, 0, 0, 0, '2019-04-05 23:55:33', '0000-00-00 00:00:00'),
(523, 523, 0, 0, 50, 0, 0, 0, 0, 0, 0, '2019-04-05 23:55:33', '0000-00-00 00:00:00'),
(524, 524, 0, 0, 50, 0, 0, 0, 0, 0, 0, '2019-04-05 23:55:33', '0000-00-00 00:00:00'),
(525, 525, 0, 0, 50, 0, 0, 0, 0, 0, 0, '2019-04-05 23:55:33', '0000-00-00 00:00:00'),
(526, 526, 0, 0, 50, 0, 0, 0, 0, 0, 0, '2019-04-05 23:55:33', '0000-00-00 00:00:00'),
(527, 527, 0, 0, 50, 0, 0, 0, 0, 0, 0, '2019-04-05 23:55:33', '0000-00-00 00:00:00'),
(528, 528, 0, 0, 50, 0, 0, 0, 0, 0, 0, '2019-04-05 23:55:33', '0000-00-00 00:00:00'),
(529, 529, 0, 0, 50, 0, 0, 0, 0, 0, 0, '2019-04-05 23:55:33', '0000-00-00 00:00:00'),
(530, 530, 0, 0, 50, 0, 0, 0, 0, 0, 0, '2019-04-05 23:55:33', '0000-00-00 00:00:00'),
(531, 531, 0, 0, 50, 0, 0, 0, 0, 0, 0, '2019-04-05 23:55:33', '0000-00-00 00:00:00'),
(532, 532, 0, 0, 50, 0, 0, 0, 0, 0, 0, '2019-04-05 23:55:33', '0000-00-00 00:00:00'),
(533, 533, 0, 0, 50, 0, 0, 0, 0, 0, 0, '2019-04-05 23:55:33', '0000-00-00 00:00:00'),
(534, 534, 0, 0, 50, 0, 0, 0, 0, 0, 0, '2019-04-05 23:55:33', '0000-00-00 00:00:00'),
(535, 535, 0, 0, 50, 0, 0, 0, 0, 0, 0, '2019-04-05 23:55:33', '0000-00-00 00:00:00'),
(536, 536, 0, 0, 50, 0, 0, 0, 0, 0, 0, '2019-04-05 23:55:33', '0000-00-00 00:00:00'),
(537, 537, 0, 0, 50, 0, 0, 0, 0, 0, 0, '2019-04-05 23:55:33', '0000-00-00 00:00:00'),
(538, 538, 0, 0, 50, 0, 0, 0, 0, 0, 0, '2019-04-05 23:55:33', '0000-00-00 00:00:00'),
(539, 539, 0, 0, 50, 0, 0, 0, 0, 0, 0, '2019-04-05 23:55:33', '0000-00-00 00:00:00'),
(540, 540, 0, 0, 50, 0, 0, 0, 0, 0, 0, '2019-04-05 23:55:33', '0000-00-00 00:00:00'),
(541, 541, 0, 0, 50, 0, 0, 0, 0, 0, 0, '2019-04-05 23:55:33', '0000-00-00 00:00:00'),
(542, 542, 0, 0, 50, 0, 0, 0, 0, 0, 0, '2019-04-05 23:55:33', '0000-00-00 00:00:00'),
(543, 543, 0, 0, 50, 0, 0, 0, 0, 0, 0, '2019-04-05 23:55:33', '0000-00-00 00:00:00'),
(544, 544, 0, 0, 50, 0, 0, 0, 0, 0, 0, '2019-04-05 23:55:33', '0000-00-00 00:00:00'),
(545, 545, 0, 0, 50, 0, 0, 0, 0, 0, 0, '2019-04-05 23:55:33', '0000-00-00 00:00:00'),
(546, 546, 0, 0, 50, 0, 0, 0, 0, 0, 0, '2019-04-05 23:55:33', '0000-00-00 00:00:00'),
(547, 547, 0, 0, 50, 0, 0, 0, 0, 0, 0, '2019-04-05 23:55:33', '0000-00-00 00:00:00'),
(548, 548, 0, 0, 50, 0, 0, 0, 0, 0, 0, '2019-04-05 23:55:33', '0000-00-00 00:00:00'),
(549, 549, 0, 0, 50, 0, 0, 0, 0, 0, 0, '2019-04-05 23:55:33', '0000-00-00 00:00:00'),
(550, 550, 0, 0, 50, 0, 0, 0, 0, 0, 0, '2019-04-05 23:55:33', '0000-00-00 00:00:00'),
(551, 551, 0, 0, 50, 0, 0, 0, 0, 0, 0, '2019-04-05 23:55:33', '0000-00-00 00:00:00'),
(552, 552, 0, 0, 50, 0, 0, 0, 0, 0, 0, '2019-04-05 23:55:33', '0000-00-00 00:00:00');

-- --------------------------------------------------------

--
-- Structure de la table `t_player_tac_pos`
--

DROP TABLE IF EXISTS `t_player_tac_pos`;
CREATE TABLE IF NOT EXISTS `t_player_tac_pos` (
  `TAC_ID_POS` int(10) UNSIGNED NOT NULL,
  `PLY_ID` int(10) UNSIGNED NOT NULL,
  `created_at` timestamp NOT NULL DEFAULT CURRENT_TIMESTAMP,
  `updated_at` timestamp NOT NULL DEFAULT '0000-00-00 00:00:00',
  KEY `t_player_tac_pos_ply_id_foreign` (`PLY_ID`),
  KEY `t_player_tac_pos_tac_id_pos_foreign` (`TAC_ID_POS`)
) ENGINE=MyISAM DEFAULT CHARSET=utf8mb4 COLLATE=utf8mb4_unicode_ci;

--
-- Déchargement des données de la table `t_player_tac_pos`
--

INSERT INTO `t_player_tac_pos` (`TAC_ID_POS`, `PLY_ID`, `created_at`, `updated_at`) VALUES
(1, 291, '2019-04-06 01:19:41', '0000-00-00 00:00:00'),
(2, 289, '2019-04-06 01:19:41', '0000-00-00 00:00:00'),
(3, 296, '2019-04-06 01:19:41', '0000-00-00 00:00:00'),
(5, 278, '2019-04-06 01:19:41', '0000-00-00 00:00:00'),
(3, 297, '2019-04-06 01:19:41', '0000-00-00 00:00:00'),
(6, 295, '2019-04-06 01:19:41', '0000-00-00 00:00:00'),
(7, 282, '2019-04-06 01:19:41', '0000-00-00 00:00:00'),
(7, 283, '2019-04-06 01:19:41', '0000-00-00 00:00:00'),
(9, 284, '2019-04-06 01:19:41', '0000-00-00 00:00:00'),
(10, 290, '2019-04-06 01:19:41', '0000-00-00 00:00:00'),
(11, 287, '2019-04-06 01:19:41', '0000-00-00 00:00:00');

-- --------------------------------------------------------

--
-- Structure de la table `t_rank`
--

DROP TABLE IF EXISTS `t_rank`;
CREATE TABLE IF NOT EXISTS `t_rank` (
  `RNK_ID` int(10) UNSIGNED NOT NULL AUTO_INCREMENT,
  `RNK_NAME` varchar(191) COLLATE utf8mb4_unicode_ci NOT NULL,
  `created_at` timestamp NOT NULL DEFAULT CURRENT_TIMESTAMP,
  `updated_at` timestamp NOT NULL DEFAULT '0000-00-00 00:00:00',
  PRIMARY KEY (`RNK_ID`)
) ENGINE=MyISAM AUTO_INCREMENT=6 DEFAULT CHARSET=utf8mb4 COLLATE=utf8mb4_unicode_ci;

--
-- Déchargement des données de la table `t_rank`
--

INSERT INTO `t_rank` (`RNK_ID`, `RNK_NAME`, `created_at`, `updated_at`) VALUES
(1, 'NOT RANKED', '2019-04-05 23:55:33', '0000-00-00 00:00:00'),
(2, 'FIRST', '2019-04-05 23:55:33', '0000-00-00 00:00:00'),
(3, 'SECOND', '2019-04-05 23:55:33', '0000-00-00 00:00:00'),
(4, 'THIRD', '2019-04-05 23:55:33', '0000-00-00 00:00:00'),
(5, 'FORTH', '2019-04-05 23:55:33', '0000-00-00 00:00:00');

-- --------------------------------------------------------

--
-- Structure de la table `t_tactic`
--

DROP TABLE IF EXISTS `t_tactic`;
CREATE TABLE IF NOT EXISTS `t_tactic` (
  `TAC_ID` int(10) UNSIGNED NOT NULL AUTO_INCREMENT,
  `TAC_NAME` varchar(191) COLLATE utf8mb4_unicode_ci NOT NULL,
  `TAC_CODE` varchar(191) COLLATE utf8mb4_unicode_ci NOT NULL,
  `TAC_BON` double(8,2) NOT NULL,
  `TAC_OPP` double(8,2) NOT NULL,
  `TAC_APT` double(8,2) NOT NULL,
  `created_at` timestamp NOT NULL DEFAULT CURRENT_TIMESTAMP,
  `updated_at` timestamp NOT NULL DEFAULT '0000-00-00 00:00:00',
  PRIMARY KEY (`TAC_ID`)
) ENGINE=MyISAM AUTO_INCREMENT=4 DEFAULT CHARSET=utf8mb4 COLLATE=utf8mb4_unicode_ci;

--
-- Déchargement des données de la table `t_tactic`
--

INSERT INTO `t_tactic` (`TAC_ID`, `TAC_NAME`, `TAC_CODE`, `TAC_BON`, `TAC_OPP`, `TAC_APT`, `created_at`, `updated_at`) VALUES
(1, 'NEUTRAL', '4-4-2', 1.00, 1.00, 1.00, '2019-04-05 23:55:33', '0000-00-00 00:00:00'),
(2, 'DEFENSIVE', '5-3-2', 0.75, 0.75, 0.66, '2019-04-05 23:55:33', '0000-00-00 00:00:00'),
(3, 'OFFENSIVE', '4-3-3', 1.25, 1.12, 1.33, '2019-04-05 23:55:33', '0000-00-00 00:00:00');

-- --------------------------------------------------------

--
-- Structure de la table `t_tactic_pos`
--

DROP TABLE IF EXISTS `t_tactic_pos`;
CREATE TABLE IF NOT EXISTS `t_tactic_pos` (
  `TAC_ID` int(10) UNSIGNED NOT NULL,
  `TAC_POS_ID` int(10) UNSIGNED NOT NULL,
  `TAC_POS_NAME` varchar(10) COLLATE utf8mb4_unicode_ci NOT NULL,
  `created_at` timestamp NOT NULL DEFAULT CURRENT_TIMESTAMP,
  `updated_at` timestamp NOT NULL DEFAULT '0000-00-00 00:00:00',
  KEY `t_tactic_pos_tac_id_foreign` (`TAC_ID`)
) ENGINE=MyISAM DEFAULT CHARSET=utf8mb4 COLLATE=utf8mb4_unicode_ci;

--
-- Déchargement des données de la table `t_tactic_pos`
--

INSERT INTO `t_tactic_pos` (`TAC_ID`, `TAC_POS_ID`, `TAC_POS_NAME`, `created_at`, `updated_at`) VALUES
(1, 1, 'GKP', '2019-04-05 23:55:33', '0000-00-00 00:00:00'),
(1, 2, 'LBA', '2019-04-05 23:55:33', '0000-00-00 00:00:00'),
(1, 3, 'CBA', '2019-04-05 23:55:33', '0000-00-00 00:00:00'),
(1, 4, 'CBA', '2019-04-05 23:55:33', '0000-00-00 00:00:00'),
(1, 5, 'RBA', '2019-04-05 23:55:33', '0000-00-00 00:00:00'),
(1, 6, 'LMI', '2019-04-05 23:55:33', '0000-00-00 00:00:00'),
(1, 7, 'CMI', '2019-04-05 23:55:33', '0000-00-00 00:00:00'),
(1, 8, 'CMI', '2019-04-05 23:55:33', '0000-00-00 00:00:00'),
(1, 9, 'RMI', '2019-04-05 23:55:33', '0000-00-00 00:00:00'),
(1, 10, 'ATT', '2019-04-05 23:55:33', '0000-00-00 00:00:00'),
(1, 11, 'ATT', '2019-04-05 23:55:33', '0000-00-00 00:00:00'),
(2, 1, 'GKP', '2019-04-05 23:55:33', '0000-00-00 00:00:00'),
(2, 2, 'LBA', '2019-04-05 23:55:33', '0000-00-00 00:00:00'),
(2, 3, 'CBA', '2019-04-05 23:55:33', '0000-00-00 00:00:00'),
(2, 4, 'CBA', '2019-04-05 23:55:33', '0000-00-00 00:00:00'),
(2, 5, 'CBA', '2019-04-05 23:55:33', '0000-00-00 00:00:00'),
(2, 6, 'RBA', '2019-04-05 23:55:33', '0000-00-00 00:00:00'),
(2, 7, 'CMI', '2019-04-05 23:55:33', '0000-00-00 00:00:00'),
(2, 8, 'DMI', '2019-04-05 23:55:33', '0000-00-00 00:00:00'),
(2, 9, 'CMI', '2019-04-05 23:55:33', '0000-00-00 00:00:00'),
(2, 10, 'ATT', '2019-04-05 23:55:33', '0000-00-00 00:00:00'),
(2, 11, 'ATT', '2019-04-05 23:55:33', '0000-00-00 00:00:00'),
(3, 1, 'GKP', '2019-04-05 23:55:33', '0000-00-00 00:00:00'),
(3, 2, 'LBA', '2019-04-05 23:55:33', '0000-00-00 00:00:00'),
(3, 3, 'CBA', '2019-04-05 23:55:33', '0000-00-00 00:00:00'),
(3, 4, 'CBA', '2019-04-05 23:55:33', '0000-00-00 00:00:00'),
(3, 5, 'RBA', '2019-04-05 23:55:33', '0000-00-00 00:00:00'),
(3, 6, 'CMI', '2019-04-05 23:55:33', '0000-00-00 00:00:00'),
(3, 7, 'OMI', '2019-04-05 23:55:33', '0000-00-00 00:00:00'),
(3, 8, 'CMI', '2019-04-05 23:55:33', '0000-00-00 00:00:00'),
(3, 9, 'LWI', '2019-04-05 23:55:33', '0000-00-00 00:00:00'),
(3, 10, 'ATT', '2019-04-05 23:55:33', '0000-00-00 00:00:00'),
(3, 11, 'RWI', '2019-04-05 23:55:33', '0000-00-00 00:00:00');

-- --------------------------------------------------------

--
-- Structure de la table `t_team`
--

DROP TABLE IF EXISTS `t_team`;
CREATE TABLE IF NOT EXISTS `t_team` (
  `TEAM_ID` int(10) UNSIGNED NOT NULL AUTO_INCREMENT,
  `TEAM_NAME` varchar(191) COLLATE utf8mb4_unicode_ci NOT NULL,
  `TEAM_CODE` varchar(191) COLLATE utf8mb4_unicode_ci NOT NULL,
  `TEAM_FLAG` varchar(191) COLLATE utf8mb4_unicode_ci NOT NULL,
  `round` int(11) NOT NULL DEFAULT '1',
  `created_at` timestamp NOT NULL DEFAULT CURRENT_TIMESTAMP,
  `updated_at` timestamp NOT NULL DEFAULT '0000-00-00 00:00:00',
  PRIMARY KEY (`TEAM_ID`)
) ENGINE=MyISAM AUTO_INCREMENT=25 DEFAULT CHARSET=utf8mb4 COLLATE=utf8mb4_unicode_ci;

--
-- Déchargement des données de la table `t_team`
--

INSERT INTO `t_team` (`TEAM_ID`, `TEAM_NAME`, `TEAM_CODE`, `TEAM_FLAG`, `round`, `created_at`, `updated_at`) VALUES
(1, 'BURUNDI', 'BRD', 'flag', 1, '2019-04-05 23:55:33', '0000-00-00 00:00:00'),
(2, 'CAMEROON', 'CMR', 'flag', 1, '2019-04-05 23:55:33', '0000-00-00 00:00:00'),
(3, 'GHANA', 'GHA', 'flag', 1, '2019-04-05 23:55:33', '0000-00-00 00:00:00'),
(4, 'EGYPT', 'EGY', 'flag', 1, '2019-04-05 23:55:33', '0000-00-00 00:00:00'),
(5, 'SENEGAL', 'SEN', 'flag', 1, '2019-04-05 23:55:33', '0000-00-00 00:00:00'),
(6, 'MADAGASCAR', 'MAD', 'flag', 1, '2019-04-05 23:55:33', '0000-00-00 00:00:00'),
(7, 'BISSAU GUINEA', 'GBS', 'flag', 1, '2019-04-05 23:55:33', '0000-00-00 00:00:00'),
(8, 'NIGERIA', 'NGR', 'flag', 1, '2019-04-05 23:55:33', '0000-00-00 00:00:00'),
(9, 'MOROCCO', 'MAR', 'flag', 1, '2019-04-05 23:55:33', '0000-00-00 00:00:00'),
(10, 'TANZANIA', 'TAN', 'flag', 1, '2019-04-05 23:55:33', '0000-00-00 00:00:00'),
(11, 'IVORY COAST', 'CIV', 'flag', 1, '2019-04-05 23:55:33', '0000-00-00 00:00:00'),
(12, 'MALI', 'MAL', 'flag', 1, '2019-04-05 23:55:33', '0000-00-00 00:00:00'),
(13, 'TUNISIA', 'TUN', 'flag', 1, '2019-04-05 23:55:33', '0000-00-00 00:00:00'),
(14, 'ALGERIA', 'ALG', 'flag', 1, '2019-04-05 23:55:33', '0000-00-00 00:00:00'),
(15, 'ZIMBABWE', 'ZBW', 'flag', 1, '2019-04-05 23:55:33', '0000-00-00 00:00:00'),
(16, 'UGANDA', 'UGA', 'flag', 1, '2019-04-05 23:55:33', '0000-00-00 00:00:00'),
(17, 'DR CONGO', 'RDC', 'flag', 1, '2019-04-05 23:55:33', '0000-00-00 00:00:00'),
(18, 'SOUTH AFRICA', 'RSA', 'flag', 1, '2019-04-05 23:55:33', '0000-00-00 00:00:00'),
(19, 'NAMIBIA', 'NAM', 'flag', 1, '2019-04-05 23:55:33', '0000-00-00 00:00:00'),
(20, 'KENYA', 'KNY', 'flag', 1, '2019-04-05 23:55:33', '0000-00-00 00:00:00'),
(21, 'MAURITANIA', 'MAU', 'flag', 1, '2019-04-05 23:55:33', '0000-00-00 00:00:00'),
(22, 'ANGOLA', 'ANG', 'flag', 1, '2019-04-05 23:55:33', '0000-00-00 00:00:00'),
(23, 'GUINEA', 'GNE', 'flag', 1, '2019-04-05 23:55:33', '0000-00-00 00:00:00'),
(24, 'BENIN', 'BEN', 'flag', 1, '2019-04-05 23:55:33', '0000-00-00 00:00:00');

-- --------------------------------------------------------

--
-- Structure de la table `t_team_sta`
--

DROP TABLE IF EXISTS `t_team_sta`;
CREATE TABLE IF NOT EXISTS `t_team_sta` (
  `TEAM_ID_STA` int(10) UNSIGNED NOT NULL AUTO_INCREMENT,
  `TEAM_ID` int(10) UNSIGNED NOT NULL,
  `RNK_ID` int(10) UNSIGNED NOT NULL,
  `GRP_ID` int(10) UNSIGNED NOT NULL,
  `TEAM_WIN` int(11) NOT NULL,
  `TEAM_LOS` int(11) NOT NULL,
  `TEAM_DRAW` int(11) NOT NULL,
  `TEAM_PTS` int(11) NOT NULL,
  `TEAM_SCO` int(11) NOT NULL,
  `TEAM_CON` int(11) NOT NULL,
  `TEAM_AVG` int(11) NOT NULL,
  `created_at` timestamp NOT NULL DEFAULT CURRENT_TIMESTAMP,
  `updated_at` timestamp NOT NULL DEFAULT '0000-00-00 00:00:00',
  PRIMARY KEY (`TEAM_ID_STA`),
  KEY `t_team_sta_team_id_foreign` (`TEAM_ID`),
  KEY `t_team_sta_rnk_id_foreign` (`RNK_ID`),
  KEY `t_team_sta_grp_id_foreign` (`GRP_ID`)
) ENGINE=MyISAM AUTO_INCREMENT=25 DEFAULT CHARSET=utf8mb4 COLLATE=utf8mb4_unicode_ci;

--
-- Déchargement des données de la table `t_team_sta`
--

INSERT INTO `t_team_sta` (`TEAM_ID_STA`, `TEAM_ID`, `RNK_ID`, `GRP_ID`, `TEAM_WIN`, `TEAM_LOS`, `TEAM_DRAW`, `TEAM_PTS`, `TEAM_SCO`, `TEAM_CON`, `TEAM_AVG`, `created_at`, `updated_at`) VALUES
(1, 1, 2, 6, 1, 2, 0, 3, 5, 10, -13, '2019-04-05 23:55:33', '0000-00-00 00:00:00'),
(2, 2, 2, 6, 3, 0, 0, 9, 14, 7, 15, '2019-04-05 23:55:33', '0000-00-00 00:00:00'),
(3, 3, 2, 3, 3, 0, 0, 9, 11, 2, 19, '2019-04-05 23:55:33', '0000-00-00 00:00:00'),
(4, 4, 2, 1, 1, 1, 1, 4, 5, 4, -1, '2019-04-05 23:55:33', '0000-00-00 00:00:00'),
(5, 5, 2, 2, 2, 1, 0, 6, 5, 6, 2, '2019-04-05 23:55:33', '0000-00-00 00:00:00'),
(6, 6, 2, 4, 1, 0, 2, 5, 6, 4, 2, '2019-04-05 23:55:33', '0000-00-00 00:00:00'),
(7, 7, 2, 1, 2, 0, 1, 7, 5, 1, 8, '2019-04-05 23:55:33', '0000-00-00 00:00:00'),
(8, 8, 2, 6, 1, 2, 0, 3, 6, 6, 3, '2019-04-05 23:55:33', '0000-00-00 00:00:00'),
(9, 9, 2, 4, 1, 1, 1, 4, 6, 5, -1, '2019-04-05 23:55:33', '0000-00-00 00:00:00'),
(10, 10, 2, 5, 1, 2, 0, 3, 4, 6, -7, '2019-04-05 23:55:33', '0000-00-00 00:00:00'),
(11, 11, 2, 3, 2, 1, 0, 6, 6, 5, 1, '2019-04-05 23:55:33', '0000-00-00 00:00:00'),
(12, 12, 2, 2, 1, 1, 1, 4, 4, 2, 0, '2019-04-05 23:55:33', '0000-00-00 00:00:00'),
(13, 13, 2, 6, 1, 2, 0, 3, 4, 6, -5, '2019-04-05 23:55:33', '0000-00-00 00:00:00'),
(14, 14, 2, 2, 1, 1, 1, 4, 3, 3, -2, '2019-04-05 23:55:33', '0000-00-00 00:00:00'),
(15, 15, 2, 2, 1, 2, 0, 3, 1, 2, 0, '2019-04-05 23:55:33', '0000-00-00 00:00:00'),
(16, 16, 2, 3, 0, 2, 1, 1, 1, 7, -14, '2019-04-05 23:55:33', '0000-00-00 00:00:00'),
(17, 17, 2, 1, 2, 1, 0, 6, 8, 6, 7, '2019-04-05 23:55:33', '0000-00-00 00:00:00'),
(18, 18, 2, 4, 1, 1, 1, 4, 5, 5, 2, '2019-04-05 23:55:33', '0000-00-00 00:00:00'),
(19, 19, 2, 5, 2, 0, 1, 7, 7, 3, 11, '2019-04-05 23:55:33', '0000-00-00 00:00:00'),
(20, 20, 2, 5, 2, 0, 1, 7, 6, 3, 8, '2019-04-05 23:55:33', '0000-00-00 00:00:00'),
(21, 21, 2, 3, 0, 2, 1, 1, 2, 6, -6, '2019-04-05 23:55:33', '0000-00-00 00:00:00'),
(22, 22, 2, 4, 1, 2, 0, 3, 4, 7, -3, '2019-04-05 23:55:33', '0000-00-00 00:00:00'),
(23, 23, 2, 1, 0, 3, 0, 0, 2, 9, -14, '2019-04-05 23:55:33', '0000-00-00 00:00:00'),
(24, 24, 2, 5, 0, 3, 0, 0, 3, 8, -12, '2019-04-05 23:55:33', '0000-00-00 00:00:00');

-- --------------------------------------------------------

--
-- Structure de la table `t_team_tac`
--

DROP TABLE IF EXISTS `t_team_tac`;
CREATE TABLE IF NOT EXISTS `t_team_tac` (
  `TAC_ID` int(10) UNSIGNED NOT NULL,
  `TEAM_ID` int(10) UNSIGNED NOT NULL,
  `USER_ID` int(10) UNSIGNED NOT NULL,
  `created_at` timestamp NOT NULL DEFAULT CURRENT_TIMESTAMP,
  `updated_at` timestamp NOT NULL DEFAULT '0000-00-00 00:00:00',
  KEY `t_team_tac_tac_id_foreign` (`TAC_ID`),
  KEY `t_team_tac_team_id_foreign` (`TEAM_ID`),
  KEY `t_team_tac_user_id_foreign` (`USER_ID`)
) ENGINE=MyISAM DEFAULT CHARSET=utf8mb4 COLLATE=utf8mb4_unicode_ci;

--
-- Déchargement des données de la table `t_team_tac`
--

INSERT INTO `t_team_tac` (`TAC_ID`, `TEAM_ID`, `USER_ID`, `created_at`, `updated_at`) VALUES
(1, 14, 1, '2019-04-05 23:14:34', '2019-04-06 00:15:14');

-- --------------------------------------------------------

--
-- Structure de la table `t_telco`
--

DROP TABLE IF EXISTS `t_telco`;
CREATE TABLE IF NOT EXISTS `t_telco` (
  `TELCO_ID` int(10) UNSIGNED NOT NULL AUTO_INCREMENT,
  `TELCO_NAME` varchar(19) COLLATE utf8mb4_unicode_ci NOT NULL,
  `created_at` timestamp NOT NULL DEFAULT CURRENT_TIMESTAMP,
  `updated_at` timestamp NOT NULL DEFAULT '0000-00-00 00:00:00',
  PRIMARY KEY (`TELCO_ID`)
) ENGINE=MyISAM AUTO_INCREMENT=3 DEFAULT CHARSET=utf8mb4 COLLATE=utf8mb4_unicode_ci;

--
-- Déchargement des données de la table `t_telco`
--

INSERT INTO `t_telco` (`TELCO_ID`, `TELCO_NAME`, `created_at`, `updated_at`) VALUES
(1, 'Orange', '2019-04-04 08:53:52', '0000-00-00 00:00:00'),
(2, 'MTN', '2019-04-04 08:53:52', '0000-00-00 00:00:00');

-- --------------------------------------------------------

--
-- Structure de la table `users`
--

DROP TABLE IF EXISTS `users`;
CREATE TABLE IF NOT EXISTS `users` (
  `id` int(10) UNSIGNED NOT NULL AUTO_INCREMENT,
  `name` varchar(191) COLLATE utf8mb4_unicode_ci NOT NULL,
  `email` varchar(191) COLLATE utf8mb4_unicode_ci NOT NULL,
  `email_verified_at` timestamp NULL DEFAULT NULL,
  `password` varchar(191) COLLATE utf8mb4_unicode_ci NOT NULL,
  `display_password` varchar(191) COLLATE utf8mb4_unicode_ci DEFAULT NULL,
  `remember_token` varchar(100) COLLATE utf8mb4_unicode_ci DEFAULT NULL,
  `created_at` timestamp NOT NULL DEFAULT CURRENT_TIMESTAMP,
  `updated_at` timestamp NOT NULL DEFAULT '0000-00-00 00:00:00',
  `phone` varchar(191) COLLATE utf8mb4_unicode_ci NOT NULL,
  `city` varchar(191) COLLATE utf8mb4_unicode_ci NOT NULL,
  `gender` varchar(191) COLLATE utf8mb4_unicode_ci NOT NULL,
  `profession` varchar(191) COLLATE utf8mb4_unicode_ci NOT NULL,
  `hobby` varchar(191) COLLATE utf8mb4_unicode_ci NOT NULL,
  `sport` varchar(191) COLLATE utf8mb4_unicode_ci NOT NULL,
  `TEAM_ID` int(11) DEFAULT NULL,
  `round` int(11) NOT NULL DEFAULT '1',
  `age` varchar(191) COLLATE utf8mb4_unicode_ci NOT NULL,
  PRIMARY KEY (`id`),
  UNIQUE KEY `users_email_unique` (`email`)
) ENGINE=MyISAM AUTO_INCREMENT=12 DEFAULT CHARSET=utf8mb4 COLLATE=utf8mb4_unicode_ci;

--
-- Déchargement des données de la table `users`
--

INSERT INTO `users` (`id`, `name`, `email`, `email_verified_at`, `password`, `display_password`, `remember_token`, `created_at`, `updated_at`, `phone`, `city`, `gender`, `profession`, `hobby`, `sport`, `TEAM_ID`, `round`, `age`) VALUES
(11, 'Gilles', 'test@appcan19.com', NULL, '$2y$10$KlBklbbqRIcFNaX.ZY/Exe7pT2pkqIlbNhfuDEPEDJf1KGoJi9mLS', 'AppCAN19_Test', '8s3OEgHdBgd1s4vEwKYRhYjZ00VtCMGzwolgdifuIMz2vJ3tptL9WPZpULtq', '2019-02-06 13:10:25', '2019-02-06 13:10:25', '9632147896', 'Paris', 'Male', 'Manager', 'Cinéma', 'Football', 22, 1, '37'),
(9, 'Guy joel', 'guyjoel@yahoo.com', NULL, '$2y$10$W4aUTXJmE20Yk4yZ5p77e.4nu5.5tLiRfUWCw2o5cTaWI.2KiQ2M6', 'appcan19_mvNNTxOf', 'q6nI5cghYrIFXnjNPYrGnx6UGK7mPx0Ru0oZQ9PLnvM9j3UARglV9CEHHzIa', '2019-01-25 07:24:50', '2019-01-25 07:24:50', '655254578', 'DOUALA', 'Masculin', 'Student', 'work out', 'Hanball', 5, 4, '36'),
(8, 'RODRIGUE', 'rodrigue.ngouleu@yahoo.com', NULL, '$2y$10$bm6CurPPxI9EpCFkBLoeTuOwQoQcktb3bEXlze2b0JrtbxCZQ1Weq', 'appcan19_nf2MwRy3', 'ORXJ3FQZ81grNHRa3VOH8gFOxWkkVzQw59ZPBxycqFLosF0aJQjRIlnj8e03', '2019-01-20 21:46:08', '2019-01-20 21:46:08', '697662979', 'DOUALA', 'Masculin', 'DEV', 'GAMES', 'FOOT', 2, 3, '22'),
(1, 'Bertrand', 'kbertrant@yahoo.fr', NULL, '$2y$10$ZZlxzPbdDB7XnUkozvBtBuNWxHciK9sTg6t4nqHGqOC4KlfvUt3G6', 'azerty10', 'xPCnxYQqKmAHs7vy0ifN3gGLekdW88MZLHjJVfRk4vYFxfjc6rcQzVAERdCi', '2019-01-20 12:49:43', '2019-02-04 08:06:10', '697662979', 'DOUALA', 'Masculin', 'DEV', 'GAMES', 'Football', 14, 5, '25'),
(10, 'Gilles', 'gilles.feuze@appcan19.com', NULL, '$2y$10$oBYI5Dm7wq3dPwfKmwP9..8jkhi0ksb6h.Sq6nI.Qw.U5oGt9EnJW', 'appcan19_AIkdgCTA', NULL, '2019-01-31 07:21:35', '2019-01-31 07:21:35', '658426261', 'Paris', 'Male', 'Manager', 'Cinéma', 'Football', NULL, 1, '40');
COMMIT;

/*!40101 SET CHARACTER_SET_CLIENT=@OLD_CHARACTER_SET_CLIENT */;
/*!40101 SET CHARACTER_SET_RESULTS=@OLD_CHARACTER_SET_RESULTS */;
/*!40101 SET COLLATION_CONNECTION=@OLD_COLLATION_CONNECTION */;
